login_frequency,video_time,quiz_attempt_rate,submission_rate,resources_accessed,forum_participation,deadline_adherence,result
3.54,1.84,65.53,46.99,0,2,96.76,0
3.96,2.25,47.74,29.69,12,2,31.76,0
3.58,2.96,8.86,24.36,6,1,25.6,0
6.81,0.88,71.46,75.7,8,0,86.17,1
4.3,2.09,71.85,38.56,12,3,35.06,1
3.98,11.14,74.69,47.35,5,0,57.53,1
2.01,9.81,17.44,74.33,2,1,85.84,0
3.88,11.18,33.92,15.64,5,3,86.52,1
3.27,11.73,69.54,48.61,22,1,76.47,1
4.27,8.04,33.78,11.48,9,3,85.43,0
6.51,5.63,41.8,44.67,0,3,66.03,0
1.72,5.73,6.18,88.55,16,3,17.44,0
2.17,4.98,11.31,65.85,17,2,17.73,0
2.74,11.01,68.76,41.34,20,0,87.02,1
1.89,6.87,73.06,84.07,25,0,90.26,1
2.45,1.73,68.02,36.64,4,2,20.51,0
6.55,5.15,17.56,59.93,1,2,81.04,1
2.65,9.94,60.95,30.29,16,3,62.13,1
5.42,8.09,19.59,55.42,10,2,94.34,1
0.28,12.74,95.94,90.49,1,0,66.55,0
2.09,13.84,31.23,13.83,12,0,71.94,0
4.92,16.4,53.97,63.83,1,2,52.71,1
3.17,5.19,34.07,84.16,15,1,80.23,0
6.23,10.71,6.41,21.02,25,1,40.48,0
3.05,13.07,51.95,69.44,13,1,88.7,1
4.36,0.86,42.47,83.49,6,1,30.31,0
4.1,8.49,39.22,44.61,21,0,61.16,0
4.19,0.67,53.95,50.16,7,3,68.81,0
4.59,4.0,79.95,19.94,18,2,49.03,1
3.58,14.83,73.76,87.29,5,2,38.85,1
1.36,13.17,74.53,93.62,23,1,28.5,1
0.48,19.41,14.83,41.03,22,3,35.23,0
1.76,15.96,53.37,92.62,5,1,80.78,1
0.67,19.17,47.0,60.75,20,2,34.07,1
0.79,19.22,64.81,20.26,0,3,96.34,1
1.96,10.92,41.56,32.99,16,2,72.46,0
4.15,1.31,84.03,49.7,19,0,88.23,1
2.4,3.95,76.38,14.53,12,0,56.24,0
5.44,1.9,89.78,43.77,15,3,28.88,0
6.76,5.39,25.96,40.97,22,0,10.33,0
2.32,19.12,91.53,17.94,12,3,23.37,0
1.65,7.96,75.3,66.24,6,1,47.07,0
4.81,11.02,28.95,96.42,19,1,15.94,0
4.01,3.51,38.82,42.38,25,3,88.4,1
5.39,17.7,78.88,13.47,5,1,33.81,1
4.32,11.26,19.87,76.26,9,2,10.26,0
1.96,11.11,98.55,81.85,21,1,11.86,1
6.38,12.84,85.23,98.41,16,2,75.12,1
4.01,11.4,56.91,89.91,4,2,12.65,0
5.03,18.91,69.24,78.38,25,1,70.48,1
4.71,15.6,76.99,60.02,7,2,66.67,1
5.39,8.05,17.63,14.0,5,2,60.08,0
5.27,2.64,12.95,15.13,14,3,59.89,0
2.87,2.45,58.16,52.01,7,2,42.93,0
0.27,8.03,91.12,40.95,1,0,27.04,0
3.39,10.99,71.95,52.73,22,3,46.91,1
6.27,8.16,36.59,80.96,1,2,60.83,1
1.01,1.17,6.54,12.87,9,0,92.99,0
5.47,2.46,51.8,33.58,19,0,50.11,0
4.59,16.24,72.97,23.92,24,3,97.44,1
4.94,8.8,33.58,12.14,3,3,13.86,0
1.53,1.17,68.35,96.63,5,1,59.06,0
0.53,14.08,55.71,29.08,20,3,84.95,1
1.87,5.59,76.5,43.66,11,1,27.36,0
4.36,19.34,21.35,36.46,22,1,85.26,1
2.72,11.56,83.88,59.86,0,0,56.54,0
1.78,14.55,54.49,93.26,18,3,27.64,1
2.78,6.73,47.05,43.54,17,2,72.69,0
5.1,8.62,49.35,68.95,1,3,60.2,1
1.79,16.94,31.01,48.12,16,3,64.56,1
3.81,9.93,31.0,13.65,24,1,33.33,0
2.84,19.07,29.79,60.22,23,1,75.57,1
6.95,14.78,31.99,84.7,20,0,38.56,1
5.98,7.19,64.58,69.52,10,2,31.15,1
5.06,0.56,39.83,27.77,0,0,76.0,0
3.85,0.6,90.57,62.61,22,0,65.75,1
2.79,1.96,25.18,44.32,9,2,83.85,0
4.74,1.78,22.63,85.74,16,0,66.18,1
5.9,1.04,8.18,58.0,22,3,37.83,0
0.98,17.32,86.27,85.15,17,1,90.15,1
0.28,12.87,23.46,19.42,5,2,93.67,0
3.22,11.91,59.33,53.05,21,0,58.81,1
1.89,14.38,36.04,21.09,20,1,78.08,0
6.2,9.86,95.88,12.48,6,3,69.64,1
1.85,4.33,38.16,22.36,3,3,51.78,0
6.39,10.69,60.29,79.12,19,1,87.21,1
3.51,12.34,79.6,39.47,18,2,57.72,1
5.85,16.27,78.39,77.31,13,1,50.12,1
3.17,12.1,46.03,83.03,19,1,91.97,1
5.01,7.22,56.32,83.64,2,1,63.81,1
6.85,0.68,99.01,45.85,11,0,24.69,0
1.16,8.41,68.37,29.07,7,2,78.21,0
1.81,1.91,36.42,43.09,3,1,54.42,0
3.61,2.15,52.26,18.33,20,2,87.29,0
2.65,2.26,14.16,37.16,4,3,34.84,0
5.61,12.8,85.78,29.66,0,2,32.45,1
6.46,10.16,62.38,19.87,20,2,63.74,1
4.01,6.49,54.48,44.84,13,3,49.02,0
0.93,16.85,78.76,20.59,7,2,63.41,0
2.64,11.84,55.96,24.93,12,1,91.57,1
2.14,1.29,53.05,34.75,18,3,93.36,0
4.51,6.95,49.08,52.72,17,0,62.48,1
1.78,11.26,82.08,55.28,19,0,27.39,1
0.6,14.69,23.79,14.77,1,3,23.1,0
3.57,15.93,62.05,46.58,13,1,16.43,0
1.96,16.31,69.6,80.79,22,0,71.85,1
3.48,9.1,24.5,24.09,11,2,91.36,0
2.42,19.69,28.14,82.1,15,1,39.05,0
5.36,9.0,5.8,35.28,14,0,55.54,0
1.81,8.16,40.71,63.8,21,1,77.28,0
5.12,12.06,87.39,56.73,24,0,28.12,1
0.8,5.31,24.39,17.18,18,0,39.96,0
5.46,18.39,82.82,16.88,12,2,28.79,1
6.98,18.92,60.04,45.13,16,3,75.81,1
1.97,4.74,39.97,13.32,24,1,94.46,0
7.0,9.37,96.7,29.55,10,1,22.08,1
4.35,2.4,76.33,57.38,6,1,57.6,0
3.99,1.73,57.73,86.17,14,1,72.05,0
1.79,18.81,47.34,24.38,11,3,38.36,0
4.69,9.33,77.06,33.89,22,0,76.2,1
3.13,16.58,70.48,17.04,2,1,81.18,1
4.15,16.19,85.83,89.99,6,0,20.26,1
3.36,1.15,14.06,26.63,21,3,51.87,0
5.47,8.44,42.31,47.62,2,3,29.74,0
3.69,9.11,34.61,24.23,12,1,27.22,0
2.33,10.82,83.64,70.61,4,1,48.06,1
2.23,18.82,21.07,47.98,23,1,24.08,0
3.92,10.16,54.79,92.07,5,3,97.41,1
6.77,1.66,37.16,81.78,10,3,51.75,1
0.71,17.5,61.44,33.78,7,0,44.52,0
0.15,2.35,19.34,15.54,22,1,25.22,0
3.15,16.17,30.38,97.64,11,0,80.69,1
1.27,16.26,75.91,77.39,15,2,58.68,1
6.35,11.63,86.93,59.97,8,1,63.33,1
3.98,2.74,62.64,26.59,19,2,15.33,0
5.74,12.73,59.72,88.27,9,0,49.15,1
5.72,2.85,8.51,17.76,11,3,59.76,0
0.08,11.18,32.84,11.35,20,2,64.07,0
6.16,0.32,26.09,10.46,3,1,28.34,0
2.98,15.42,54.95,91.92,1,2,93.17,1
1.59,17.38,78.23,84.98,5,1,99.1,1
6.08,4.52,83.32,21.46,22,3,60.57,1
5.84,14.08,70.41,26.37,19,2,80.71,1
6.11,8.52,80.83,21.39,6,0,39.93,0
6.2,0.45,32.19,53.13,9,3,41.53,0
6.71,15.39,15.74,72.49,3,1,87.69,1
1.79,0.87,29.14,62.06,5,0,40.43,0
1.7,15.01,53.96,34.06,23,1,99.89,0
0.4,14.15,18.38,88.12,23,1,26.25,0
5.25,8.06,96.66,68.97,8,2,74.14,1
2.62,5.72,9.79,20.76,23,3,39.89,0
4.69,12.9,88.61,90.69,2,2,94.56,1
5.62,15.94,28.71,30.37,25,0,87.28,1
1.79,19.55,48.0,88.87,14,2,30.63,1
6.95,19.56,30.27,89.72,4,0,79.29,1
4.19,7.73,46.55,44.2,7,0,33.42,0
6.24,7.44,72.19,91.92,11,0,48.25,1
3.6,10.19,43.58,17.18,11,0,51.86,0
6.38,3.22,61.3,43.9,8,2,43.04,0
3.42,18.02,52.23,16.35,2,2,98.42,1
5.67,19.43,93.36,49.86,13,1,77.65,1
2.64,15.62,40.67,82.45,3,0,44.78,0
0.0,12.0,20.55,24.86,3,1,11.02,0
5.08,18.61,98.86,74.74,23,3,33.26,1
0.8,12.97,71.8,48.52,4,1,28.11,0
6.62,13.83,9.68,96.17,20,1,88.38,1
3.96,1.05,57.57,42.17,9,3,27.77,0
2.53,13.75,5.97,93.49,21,2,40.46,0
5.4,2.41,62.63,75.74,9,1,47.51,0
6.66,19.57,27.6,17.19,23,1,29.57,1
2.85,13.11,21.6,58.12,15,1,82.76,1
4.9,1.26,34.33,95.83,15,0,36.6,0
2.98,6.44,83.97,83.27,21,2,64.57,1
0.86,2.15,55.64,61.68,2,3,78.48,0
1.19,14.15,6.79,83.65,13,2,21.78,0
5.96,3.28,14.52,47.15,9,3,98.56,1
3.2,3.34,51.1,49.11,4,3,17.0,0
2.45,4.68,38.82,21.53,11,1,59.14,0
2.26,17.69,76.44,94.49,8,0,61.6,1
2.43,2.84,34.59,60.88,7,3,52.18,0
2.06,16.97,9.02,94.45,21,0,20.02,0
5.54,17.24,54.59,21.49,7,3,75.69,1
4.93,1.59,32.85,98.38,16,1,20.34,1
4.17,13.63,56.81,46.11,25,0,33.73,1
5.55,2.58,32.53,98.04,15,1,25.14,1
0.78,12.98,87.81,50.93,9,3,10.95,0
5.87,13.77,61.34,54.39,12,3,49.42,1
1.7,7.15,74.47,70.02,5,1,19.06,0
0.79,4.26,13.23,35.51,8,3,67.18,0
3.66,5.42,65.24,89.3,24,3,26.5,1
2.54,19.71,75.14,73.69,18,1,93.57,1
4.99,3.22,18.92,58.35,13,2,96.29,0
5.28,19.88,11.59,29.67,0,3,11.66,0
5.91,12.55,93.04,58.03,10,1,40.8,0
1.26,2.07,56.27,73.47,15,3,99.05,1
4.61,13.58,92.57,41.55,10,1,39.55,1
2.39,13.39,11.53,29.17,13,3,87.4,1
4.69,1.17,19.58,64.33,7,1,82.34,0
5.11,12.53,25.86,67.82,17,0,38.39,1
5.76,7.74,32.84,43.51,16,1,57.99,1
3.04,1.17,35.19,90.13,10,2,69.27,0
3.51,3.17,16.87,28.84,16,3,39.13,0
3.98,11.49,55.11,38.03,7,3,85.95,1
3.78,19.9,19.51,82.22,17,2,53.54,1
5.68,7.89,13.7,86.71,18,3,75.35,1
2.36,6.55,47.44,44.87,25,0,97.83,1
5.94,14.74,70.83,50.29,12,1,12.55,1
1.08,1.15,80.47,96.3,3,0,76.45,0
5.04,18.14,77.65,62.63,22,2,94.0,1
5.1,1.55,45.46,13.24,1,1,38.71,0
4.16,12.29,33.93,29.72,7,1,60.09,0
1.82,12.29,6.58,37.18,5,3,67.81,0
4.26,7.85,36.1,63.51,9,3,94.63,1
1.49,1.35,9.7,11.08,14,3,89.78,0
0.35,1.22,85.27,33.57,23,2,12.05,0
5.35,12.33,32.22,88.68,14,1,74.94,1
2.87,5.47,70.41,84.8,1,0,40.93,1
1.68,13.71,69.06,75.3,25,1,65.21,1
5.02,19.87,92.03,10.83,15,3,36.26,1
2.56,14.16,23.23,18.67,0,3,70.0,0
4.0,3.29,25.36,13.07,7,0,42.28,0
2.18,8.21,60.66,61.16,17,1,22.43,0
0.98,16.43,63.44,94.8,22,0,87.72,1
1.51,18.15,90.81,37.41,9,2,77.26,1
1.98,18.17,84.57,13.01,15,0,13.94,0
3.55,17.61,27.86,85.41,10,0,13.24,0
4.55,8.47,74.22,19.24,10,1,15.54,0
6.76,18.96,78.26,91.66,3,3,42.41,1
4.14,8.58,20.89,57.55,0,3,41.07,0
6.76,11.28,60.2,89.24,15,2,24.42,1
1.17,1.52,30.01,79.35,9,1,70.51,0
0.59,19.46,8.32,41.86,8,1,22.76,0
0.7,7.85,26.86,13.39,6,0,17.23,0
2.81,3.96,59.31,66.09,22,0,62.49,1
2.62,9.61,13.78,27.29,22,3,61.91,0
5.55,10.27,17.7,16.78,25,3,73.09,1
0.21,2.72,39.68,63.62,15,0,82.94,0
4.15,14.58,90.19,68.56,11,2,31.24,1
6.82,5.23,75.17,90.96,5,3,23.75,1
2.42,9.5,19.9,21.09,4,3,80.34,0
3.68,18.37,7.02,53.53,19,3,93.56,1
4.35,11.72,57.38,53.06,19,0,44.93,0
4.3,15.12,72.94,96.09,19,3,48.77,1
3.8,10.91,35.86,45.87,2,0,23.55,0
2.9,14.0,39.4,36.04,8,0,86.13,0
2.75,18.05,5.18,63.69,17,3,48.67,1
0.89,19.12,81.47,57.66,5,2,41.62,1
5.57,0.81,14.79,35.23,16,2,96.6,0
6.42,2.75,84.42,70.22,0,2,20.97,0
1.15,0.21,71.12,38.08,7,1,11.58,0
1.08,8.45,66.16,83.76,19,2,32.69,0
6.96,13.19,42.2,85.77,11,0,42.3,1
0.04,12.35,51.3,59.0,10,3,55.06,0
5.89,15.21,99.24,80.19,17,2,80.84,1
6.71,19.22,61.22,22.3,19,0,32.75,0
5.2,1.61,38.35,57.85,19,3,64.61,1
1.79,15.64,37.07,89.8,6,3,56.93,1
5.43,7.08,18.58,35.92,0,0,31.63,0
4.3,4.57,74.88,32.11,6,1,52.4,0
5.07,6.12,52.5,79.11,19,0,43.42,1
3.42,9.0,6.44,61.19,7,1,56.62,0
2.11,11.93,32.8,68.29,14,0,90.13,0
6.52,10.92,35.64,18.32,3,0,12.71,0
3.93,4.47,57.27,87.26,11,2,36.84,1
2.4,2.1,84.31,27.64,20,3,46.33,0
1.29,2.98,53.71,86.7,9,2,46.96,0
4.73,11.26,70.93,44.23,22,0,34.13,0
0.79,1.09,67.1,97.41,1,1,57.77,0
4.1,4.51,91.01,16.02,18,2,76.96,0
3.68,7.75,35.0,71.99,22,2,18.34,0
6.81,7.84,15.98,86.85,9,2,27.17,0
5.76,14.87,58.95,13.23,24,0,89.41,1
2.31,3.41,17.44,26.21,25,1,92.21,0
3.29,12.99,22.74,84.53,1,0,72.62,0
6.88,12.42,79.88,89.83,10,3,48.03,1
5.81,4.22,10.7,98.59,20,1,90.32,1
0.64,0.15,76.04,23.95,20,1,72.7,0
5.0,18.01,81.42,64.5,22,2,74.26,1
5.45,6.38,89.48,31.62,2,2,76.97,1
6.98,9.34,26.54,25.56,9,1,51.98,0
5.71,13.96,22.85,83.86,0,1,57.56,1
6.55,19.73,51.25,56.54,21,2,14.66,1
6.73,8.25,57.25,55.13,13,0,51.75,1
1.01,12.66,75.74,16.22,23,2,27.35,0
6.49,2.57,19.06,65.42,23,1,42.2,0
0.22,11.69,69.33,20.96,25,0,11.22,0
4.75,8.6,31.16,66.26,11,0,13.6,0
5.95,4.76,68.28,65.34,19,2,82.85,1
2.79,10.63,82.63,83.54,19,2,33.78,1
6.0,2.18,88.13,96.7,5,0,68.99,1
4.69,4.29,94.48,53.57,0,0,90.97,1
4.56,15.29,65.45,90.08,4,1,57.34,1
4.14,3.93,6.46,26.05,21,0,98.27,0
1.03,3.38,75.7,22.95,1,2,11.68,0
6.83,16.85,16.23,64.5,2,2,71.57,1
4.81,2.72,59.66,26.65,25,0,13.81,0
6.0,11.07,9.99,40.28,19,0,93.18,0
2.36,9.13,52.37,41.58,18,3,99.03,1
1.01,16.85,29.07,54.06,4,2,13.42,0
4.8,4.62,71.71,47.19,23,2,31.17,0
1.5,18.11,21.98,92.49,13,1,53.17,0
5.26,15.02,83.86,82.47,16,0,75.91,1
4.33,16.11,41.46,85.56,3,1,75.9,1
6.33,10.27,16.27,13.27,23,0,94.41,1
6.15,5.85,72.91,79.38,24,1,76.76,1
2.4,9.54,30.48,87.46,21,0,26.84,1
1.74,14.82,43.97,59.87,10,0,27.31,0
0.2,11.25,88.87,94.93,23,1,73.89,1
3.73,3.58,13.19,80.36,14,3,93.97,0
0.09,2.61,32.53,99.56,15,1,18.06,0
3.47,15.54,18.84,53.29,12,3,81.01,1
2.39,9.26,27.91,59.26,13,1,38.52,0
2.29,18.11,37.58,58.84,21,1,71.04,1
6.09,18.28,44.06,73.31,4,0,71.85,1
5.28,12.85,85.96,37.36,16,2,55.23,1
4.66,17.51,85.63,88.01,6,2,15.18,1
3.07,0.91,88.89,86.53,3,1,70.47,1
4.01,18.91,99.74,14.43,3,2,37.94,0
4.24,4.38,78.84,41.18,7,1,53.41,0
2.14,18.65,48.35,26.56,16,2,97.97,1
5.67,12.01,38.3,89.45,11,2,46.35,1
0.77,10.17,28.03,39.7,25,0,89.42,0
0.67,7.24,26.1,64.23,11,1,12.07,0
0.27,1.13,95.09,69.36,5,3,31.24,0
6.4,8.77,10.08,98.88,8,3,10.19,1
2.05,10.06,68.75,81.98,3,1,46.15,0
0.54,9.7,97.44,40.3,13,3,25.12,0
4.37,7.25,38.3,59.99,5,1,45.84,0
4.49,0.38,48.04,47.67,25,2,86.16,1
1.46,15.27,9.39,73.09,17,3,97.42,1
6.82,14.99,16.71,44.93,9,2,26.44,1
1.62,5.26,96.64,34.12,3,0,71.33,0
2.96,12.17,98.53,49.54,20,2,31.21,1
3.97,13.22,69.81,56.1,21,1,93.98,1
4.72,0.06,52.99,54.39,10,3,34.88,0
2.78,8.65,83.4,36.21,25,0,98.3,1
1.34,8.44,67.86,32.59,15,0,38.82,0
3.0,2.43,89.74,93.36,24,2,43.57,0
3.17,7.48,64.75,72.83,18,3,54.91,0
4.79,11.16,80.37,74.21,10,0,16.42,0
6.6,6.31,36.84,16.82,20,0,22.24,0
6.7,14.56,93.17,37.37,12,0,89.44,1
6.74,1.42,43.02,41.38,21,2,47.53,0
3.24,12.8,32.1,21.2,23,2,37.16,0
1.48,10.94,90.73,76.8,13,1,90.94,1
3.76,15.88,16.93,49.44,8,3,98.87,0
2.32,9.44,88.14,81.11,24,2,72.47,1
3.38,2.3,68.06,65.8,3,3,41.64,0
4.17,5.31,56.95,79.08,16,3,14.66,1
5.09,14.31,91.02,43.74,6,0,66.58,1
4.14,14.53,23.66,95.25,4,1,88.04,1
2.21,1.66,21.63,58.72,20,1,60.36,0
6.97,1.93,47.36,62.51,15,3,84.27,1
2.5,10.99,89.41,66.51,12,0,56.75,0
6.91,17.55,91.29,61.71,12,3,15.84,1
1.69,10.77,64.14,79.48,21,2,56.94,1
1.64,4.63,29.49,61.5,4,1,64.42,0
5.64,19.61,52.05,43.87,0,0,84.0,1
2.2,1.73,12.43,45.1,7,1,84.33,0
0.14,7.81,37.2,71.07,24,3,10.39,0
2.73,17.27,45.06,36.8,16,2,39.46,0
6.84,6.48,94.06,87.62,2,3,76.96,1
0.25,15.24,54.83,73.39,14,3,27.33,1
2.54,13.31,13.92,97.45,9,3,35.07,0
3.66,10.45,65.54,91.59,17,0,63.54,1
4.38,13.81,85.37,66.05,8,0,49.39,1
1.86,6.48,64.72,71.53,20,3,26.64,0
5.31,16.45,82.31,40.61,2,2,31.57,1
4.72,2.31,8.78,88.01,25,3,31.98,1
6.25,1.16,71.12,86.21,12,0,39.22,1
6.75,5.59,74.85,99.5,2,2,52.1,1
2.99,8.13,51.95,22.22,7,2,74.16,0
0.83,7.1,8.86,37.33,25,1,42.03,0
1.25,13.57,24.09,43.16,23,1,57.8,0
5.0,7.45,64.28,85.03,16,2,91.19,1
3.15,5.56,45.51,65.08,18,1,71.97,1
3.8,0.96,19.84,79.76,18,0,94.7,1
6.97,1.36,54.0,68.85,23,1,93.81,1
5.38,10.28,6.93,63.84,7,2,19.34,0
1.92,2.69,36.03,44.48,18,3,30.24,0
6.86,1.91,25.0,24.76,23,1,74.63,1
2.22,10.08,35.14,96.11,11,2,63.6,1
5.31,17.37,49.62,18.21,13,3,53.27,0
2.57,11.86,53.44,15.22,19,1,84.73,1
5.09,15.37,73.81,33.64,5,2,47.44,1
3.31,16.11,15.3,57.79,23,1,50.82,0
3.34,12.94,82.29,55.46,17,3,37.5,1
2.6,11.2,95.79,36.13,8,2,39.86,0
3.66,13.96,48.43,82.12,6,2,83.03,1
6.83,19.67,45.64,26.24,2,0,68.74,1
1.26,4.69,81.79,96.25,3,2,91.01,1
6.1,0.57,29.09,43.77,17,3,31.08,0
0.09,17.55,74.16,23.39,21,2,10.09,0
1.33,9.07,24.6,74.21,13,2,14.66,0
6.17,6.69,61.16,90.89,1,1,67.51,1
6.43,4.16,52.24,96.51,11,0,64.07,1
2.34,14.14,46.21,14.65,6,2,76.04,0
1.51,6.3,21.98,52.09,13,0,18.71,0
4.98,0.76,84.89,49.3,22,2,71.36,1
5.59,1.64,22.3,40.02,11,2,23.15,0
0.72,4.63,85.45,57.44,8,3,79.34,0
3.81,15.63,83.95,16.43,14,3,74.35,1
1.24,2.14,88.38,17.11,3,1,34.23,0
4.09,6.13,14.92,50.55,14,1,34.67,0
5.3,19.83,56.73,21.44,24,1,32.82,1
2.07,18.45,32.73,71.25,14,3,90.26,1
6.09,9.53,79.71,93.15,14,3,73.75,1
0.68,1.19,48.49,47.99,7,2,19.38,0
1.34,19.11,87.93,12.36,22,0,90.97,1
0.14,15.61,32.9,45.9,14,2,88.66,0
6.76,17.23,18.84,51.32,20,0,39.27,0
3.71,12.44,25.15,45.95,4,2,88.78,0
5.64,4.31,57.02,22.6,18,3,96.72,1
5.65,19.89,99.64,98.07,14,1,95.58,1
4.65,1.82,13.2,71.89,3,1,39.0,0
5.66,15.58,97.09,74.85,2,1,95.8,1
2.66,17.0,69.67,62.21,19,2,76.18,1
2.27,15.62,47.63,59.53,17,0,72.06,1
5.56,3.82,79.18,46.27,22,1,60.94,1
2.45,16.96,69.43,70.83,9,3,63.44,1
2.04,7.67,15.43,36.39,17,0,45.91,0
5.14,2.59,69.6,89.05,24,0,52.89,0
2.09,6.45,77.63,33.95,18,1,16.87,0
5.58,6.72,72.39,69.28,3,3,34.8,1
6.75,1.22,94.85,11.33,3,1,98.76,1
1.41,0.67,39.68,48.85,6,1,64.27,0
1.5,8.94,88.57,23.77,21,3,14.07,0
2.53,5.1,70.74,27.44,23,0,55.33,0
0.1,6.4,20.28,74.16,21,2,48.98,0
0.75,17.75,85.95,41.36,14,2,99.58,1
2.21,8.9,91.06,76.48,19,3,76.25,1
4.64,8.34,75.19,91.74,25,0,78.08,1
5.43,17.08,16.66,77.68,18,3,74.64,1
4.51,1.59,86.09,22.85,23,0,61.48,0
4.56,1.04,61.38,87.95,18,1,75.62,1
5.53,2.73,52.15,74.05,5,2,24.34,0
2.26,14.24,71.41,59.59,22,2,13.57,0
4.23,4.58,24.97,56.32,15,0,99.99,0
6.08,19.7,40.32,45.82,6,0,67.23,0
0.82,11.38,57.0,85.08,23,1,92.21,1
4.54,0.2,90.46,37.29,20,3,67.41,1
3.23,0.87,42.21,32.82,18,3,87.17,1
3.24,19.66,53.21,28.24,25,1,18.07,1
3.43,0.74,52.9,53.1,15,2,66.13,0
2.95,15.39,94.74,36.76,4,3,21.42,0
5.12,15.08,34.64,69.13,16,0,72.15,1
2.3,8.04,38.83,73.48,15,0,96.63,0
1.7,17.42,50.13,80.82,7,1,94.63,1
3.62,8.33,5.52,72.21,17,0,22.18,0
5.55,13.5,71.88,94.46,6,0,79.68,1
5.86,8.47,30.0,19.53,7,0,16.41,0
1.57,3.04,62.66,53.08,20,3,55.29,0
2.68,10.44,90.61,21.26,16,2,41.13,0
1.76,19.4,97.6,85.67,23,0,42.89,1
0.05,14.32,24.78,52.43,6,0,79.87,0
2.18,18.53,83.63,41.24,14,1,98.8,1
1.88,5.3,45.37,46.26,11,1,42.85,0
6.11,13.93,23.59,89.95,3,1,84.63,1
1.59,6.9,94.54,87.64,12,1,73.5,1
6.99,17.77,70.77,88.41,4,0,71.81,1
0.6,19.87,80.04,91.03,7,1,32.66,0
0.01,1.12,46.85,78.82,17,3,97.86,0
5.46,5.04,11.46,15.52,23,3,90.91,0
1.69,10.39,77.03,91.88,11,0,46.8,1
1.22,14.63,36.58,18.15,19,3,17.6,0
6.62,1.65,26.68,95.04,6,3,23.93,1
6.35,12.3,37.89,95.3,5,3,47.7,1
2.17,13.03,66.28,97.01,4,2,23.18,1
3.15,14.4,12.38,97.03,15,1,24.81,0
1.31,8.59,66.68,62.44,14,0,23.86,0
4.64,0.8,27.59,53.06,12,3,99.91,1
6.96,10.17,53.16,59.44,24,0,99.38,1
0.55,8.54,91.15,34.3,4,1,54.31,0
0.06,2.81,25.74,68.27,23,0,13.1,0
0.18,11.62,98.18,92.76,8,2,52.41,1
4.62,4.98,62.36,23.82,5,3,17.92,0
2.44,18.69,82.58,86.73,14,0,81.0,1
6.82,8.22,70.26,70.78,24,2,66.26,1
6.35,18.26,70.32,15.63,20,1,35.01,1
0.97,18.24,66.29,53.92,8,2,49.81,0
6.84,11.9,73.02,20.98,21,3,22.63,1
6.25,18.78,21.34,16.14,22,2,22.01,0
3.03,12.82,13.87,80.31,16,3,39.73,1
4.52,11.11,64.49,38.89,14,0,45.47,0
4.02,15.68,62.12,14.57,18,0,41.2,0
3.97,1.05,71.93,25.23,6,3,62.33,0
1.19,0.56,30.34,98.36,5,3,72.16,0
6.15,16.66,34.51,43.14,18,1,50.09,1
0.54,7.2,49.58,12.45,2,0,83.25,0
6.01,15.07,96.67,12.18,6,0,57.13,1
0.18,8.37,54.66,10.98,16,2,38.21,0
5.21,11.07,85.24,82.84,2,0,19.83,1
6.17,6.57,40.93,24.73,16,3,47.21,0
6.39,17.9,61.83,43.88,0,0,20.06,1
4.37,17.28,88.65,49.12,23,2,22.78,1
0.94,1.87,77.19,57.52,2,2,32.8,0
3.3,8.61,51.3,47.59,17,3,34.74,1
2.14,12.32,37.97,89.71,2,2,80.19,1
6.99,0.91,98.61,83.02,18,1,17.16,1
0.26,10.25,18.22,34.12,13,0,63.84,0
4.12,18.44,95.1,77.05,12,3,38.08,1
2.02,11.43,45.13,87.08,19,1,25.07,1
1.9,18.01,50.65,72.68,7,1,54.72,1
0.65,1.39,71.21,81.54,11,3,35.66,0
1.04,15.23,81.02,42.46,2,3,37.17,1
5.3,2.32,20.84,42.07,15,2,51.98,0
4.09,13.47,47.33,34.99,1,1,86.74,0
2.64,18.37,59.3,36.46,21,0,79.96,1
5.21,1.76,91.68,95.58,0,2,40.29,1
1.67,12.02,96.82,49.43,25,3,26.32,1
3.9,17.91,55.8,98.32,25,2,38.61,1
4.24,19.07,49.46,28.76,24,1,32.1,0
0.89,16.06,33.17,72.89,0,3,17.79,0
6.51,5.43,45.42,93.46,4,1,19.24,0
2.34,15.91,12.94,75.4,23,2,80.43,1
0.68,15.93,83.88,15.36,3,2,75.79,0
1.35,18.69,41.42,39.17,9,1,30.32,0
4.16,1.45,77.44,96.1,11,3,52.59,1
5.02,16.42,95.73,66.58,5,3,21.75,1
3.12,6.12,39.87,56.51,1,3,87.81,0
1.09,5.67,18.12,67.84,12,3,83.69,0
5.01,5.54,70.45,32.35,11,3,34.02,1
5.37,19.9,25.6,85.21,15,3,12.14,1
3.64,6.19,32.61,78.68,24,3,27.3,0
2.46,5.94,63.77,81.87,2,0,65.62,0
5.0,10.86,73.02,89.29,3,3,66.41,1
1.47,16.36,80.42,91.45,13,0,40.94,1
0.63,15.39,64.27,43.33,9,3,64.19,0
2.87,16.55,22.89,57.28,14,0,38.94,0
6.56,17.75,34.16,96.96,19,0,89.75,1
1.63,4.56,48.51,79.58,21,1,24.84,1
1.39,19.34,46.77,69.93,1,0,85.97,1
1.36,3.08,55.08,26.28,19,0,38.32,0
5.91,7.59,51.98,27.42,17,2,33.98,0
3.7,9.21,74.19,44.68,21,0,17.9,1
6.09,5.66,86.86,44.82,18,2,93.42,1
5.35,19.13,81.99,89.35,9,0,56.9,1
3.14,13.92,62.0,57.65,1,0,77.74,0
5.36,15.19,48.43,55.28,25,3,16.37,1
5.5,10.1,33.28,15.27,9,0,79.38,0
6.09,0.71,66.5,77.24,9,1,83.29,1
3.91,18.95,56.97,74.97,24,1,23.64,1
5.77,9.37,83.7,40.16,5,3,75.58,1
3.89,7.96,61.53,91.93,15,3,97.9,1
2.48,9.8,42.55,91.48,24,3,11.23,0
5.85,12.58,16.54,15.28,13,1,40.99,0
1.94,13.53,32.44,65.38,9,1,95.12,1
0.4,18.03,28.24,95.83,20,3,88.87,1
3.2,2.75,81.49,81.88,16,3,95.49,1
3.96,8.51,76.56,46.77,11,1,11.38,0
1.34,11.08,91.53,54.48,12,1,74.36,1
6.02,13.99,30.23,39.74,18,1,28.01,0
2.53,13.13,63.54,19.98,7,0,33.95,0
2.18,15.44,57.16,37.45,1,1,86.22,0
6.49,1.02,6.37,64.0,13,1,33.68,0
1.35,0.9,42.27,90.59,6,2,27.08,0
1.5,15.14,64.21,21.87,25,0,24.58,0
2.28,12.33,13.36,61.85,9,3,42.5,0
5.99,5.08,72.51,44.86,15,1,56.81,1
5.1,18.89,23.84,35.19,9,1,57.35,0
6.05,17.89,88.57,69.34,6,3,66.98,1
2.89,19.09,82.09,64.69,13,2,47.68,1
5.12,5.48,17.27,58.82,20,1,97.62,1
3.06,16.55,78.59,64.12,14,2,93.61,1
1.78,3.95,99.81,89.24,6,2,41.91,1
1.1,1.54,97.77,31.97,17,0,96.64,0
6.56,12.43,18.48,27.91,19,2,32.17,0
4.57,9.11,13.02,39.54,21,0,85.93,0
2.75,19.02,7.94,60.1,10,3,46.81,1
0.65,2.05,32.68,67.56,5,1,72.53,0
5.41,7.55,44.95,15.89,1,3,86.88,1
1.55,7.2,34.17,90.92,7,1,85.3,0
4.22,17.73,73.7,24.54,9,0,94.49,0
3.89,8.09,47.68,87.94,5,1,14.59,0
6.49,17.85,32.33,45.66,21,0,84.72,0
6.22,3.65,91.4,70.7,12,2,50.53,1
6.82,0.92,23.7,81.2,11,2,61.64,0
4.07,4.66,92.85,23.8,9,1,86.09,0
4.81,0.5,21.22,62.13,5,1,69.1,0
1.0,2.52,96.22,79.39,10,0,88.45,0
4.75,10.88,73.99,28.4,6,3,45.77,1
6.21,0.31,44.17,73.37,21,2,17.66,1
0.13,9.61,8.41,98.34,8,1,10.12,0
4.75,18.94,21.52,16.61,11,1,78.33,1
4.31,16.7,8.81,56.86,11,0,11.67,0
6.2,3.23,51.91,95.78,24,1,76.68,1
5.96,10.68,30.89,10.7,11,2,63.75,0
3.6,1.96,17.98,71.9,21,2,62.4,0
2.52,19.55,26.31,65.52,7,0,57.84,1
3.99,16.44,21.22,40.47,15,1,93.68,1
5.12,12.34,9.14,36.58,14,0,23.14,0
3.76,12.3,94.7,46.74,4,1,23.09,0
5.89,9.33,23.35,26.34,19,0,41.71,0
2.56,11.47,38.92,75.34,16,3,84.67,1
5.45,1.32,76.1,27.93,10,3,95.45,1
3.28,19.97,46.69,14.72,21,2,89.09,1
2.5,3.93,5.96,98.54,4,0,64.91,0
3.73,6.29,64.51,35.77,19,3,84.53,1
5.88,4.88,69.77,12.74,21,0,13.14,0
5.28,19.04,69.47,69.06,6,2,41.8,1
3.79,14.9,46.24,62.82,14,3,24.71,1
4.41,15.35,26.9,33.69,25,3,15.07,0
0.54,13.98,34.39,21.81,7,1,45.28,0
5.74,16.35,99.02,71.09,12,2,96.56,1
6.76,7.74,85.11,92.01,6,1,38.35,1
6.0,6.69,18.56,86.16,11,1,46.09,1
6.26,12.07,13.35,99.81,24,3,29.95,1
1.59,19.93,26.88,90.22,18,2,64.31,1
3.64,11.43,98.0,33.19,10,3,83.8,1
4.2,5.55,85.43,69.56,21,0,92.07,1
5.4,3.32,81.06,71.93,22,1,65.95,1
6.88,2.71,15.75,23.59,2,0,74.65,0
3.95,8.63,49.57,15.89,3,2,60.16,1
1.87,12.38,83.68,42.06,5,2,69.2,0
6.74,7.06,35.27,46.16,6,0,38.58,0
2.12,10.15,76.81,92.78,18,2,78.42,1
4.31,7.32,14.05,94.58,16,3,31.22,0
4.57,14.07,48.08,32.91,23,3,45.76,1
0.86,6.21,28.21,74.74,7,3,60.54,0
6.8,16.12,29.89,47.11,22,3,61.2,1
2.74,11.92,16.18,44.54,23,2,44.73,0
3.14,9.64,25.97,30.85,8,1,15.66,0
0.58,0.05,10.07,47.0,24,2,24.66,0
0.37,10.3,41.16,97.95,8,2,99.1,1
2.62,18.32,13.06,73.91,18,3,25.8,1
6.69,12.86,36.7,29.13,15,0,81.83,1
6.65,19.45,73.32,99.8,2,1,14.71,1
2.96,6.47,75.68,57.36,24,3,63.69,1
6.38,7.03,57.1,16.05,21,2,43.23,0
4.31,11.47,21.83,15.29,10,0,60.04,0
4.55,15.98,34.63,17.13,1,3,67.74,0
2.49,0.23,87.85,86.78,16,0,69.91,1
6.45,13.06,57.85,85.44,7,0,27.24,0
1.18,14.07,60.69,27.22,22,2,98.19,1
1.56,7.77,16.35,68.34,0,1,75.02,0
3.07,11.59,47.92,65.56,4,3,81.35,1
1.43,4.65,55.38,19.99,14,0,18.74,0
2.87,6.95,30.04,76.18,7,2,59.22,1
0.87,13.63,62.43,41.63,11,1,32.59,0
1.4,11.84,61.66,86.12,13,2,98.76,1
3.22,8.27,73.39,94.28,19,1,69.75,1
2.9,7.56,26.75,78.92,23,3,22.15,1
3.91,15.45,73.4,83.31,13,2,69.86,1
5.51,10.05,70.34,10.41,24,3,57.44,1
2.98,11.37,20.05,74.02,13,3,82.63,1
6.24,9.82,52.22,47.73,21,0,28.04,1
2.19,17.56,63.29,46.22,5,2,81.28,0
5.02,17.15,54.09,53.18,13,1,25.82,1
2.34,12.82,32.5,81.33,2,2,50.66,0
4.12,5.99,88.99,23.01,20,1,31.45,0
2.58,17.75,75.48,62.47,18,3,56.49,1
6.99,4.89,96.96,29.32,9,3,33.86,1
0.25,15.16,79.02,90.09,3,1,36.08,0
2.67,16.94,81.74,74.71,23,0,63.55,1
3.03,1.41,56.05,89.18,10,2,60.91,1
4.86,12.62,96.62,91.38,0,0,40.7,1
6.13,15.57,31.39,96.06,8,1,66.98,1
6.82,13.74,36.03,47.6,7,1,72.44,1
3.92,16.95,46.97,11.68,25,0,89.63,1
3.44,17.23,61.41,51.58,3,0,12.56,1
6.4,19.11,82.43,38.53,9,1,81.68,1
4.62,19.72,12.71,74.72,25,1,69.85,1
1.72,10.14,26.84,16.7,14,1,78.33,0
6.65,10.93,51.99,64.17,25,0,10.29,0
2.63,15.36,60.38,55.91,7,2,75.44,1
2.91,3.1,80.08,12.35,7,3,10.11,0
5.75,0.88,55.66,99.01,1,3,64.4,1
0.67,4.74,25.49,17.53,24,1,27.35,0
6.98,15.78,12.32,92.38,18,1,18.84,1
4.47,13.76,58.44,53.2,23,0,65.92,1
5.01,9.63,25.37,41.21,13,2,45.15,0
5.47,5.46,20.22,92.98,8,2,46.82,1
4.11,6.87,38.63,46.48,10,0,68.44,0
5.71,2.96,17.73,52.21,2,0,56.84,0
6.27,14.72,54.95,53.22,16,3,76.7,1
6.17,6.86,18.87,32.82,13,0,15.49,0
4.61,11.48,23.46,91.78,19,2,24.81,1
0.55,7.27,62.39,84.83,20,0,56.88,0
3.17,10.18,88.77,66.64,9,1,49.17,0
3.01,15.4,83.24,10.14,19,0,47.3,1
2.46,7.48,13.52,94.54,5,1,15.36,0
5.03,12.18,41.94,61.63,10,3,34.34,1
2.03,14.94,58.11,94.35,11,3,31.93,1
4.01,6.2,35.14,56.71,14,0,66.15,1
6.2,2.32,6.71,17.0,3,2,98.5,0
4.2,19.41,19.25,56.71,5,0,22.76,0
5.39,3.89,93.85,55.33,7,2,44.98,1
3.18,17.57,84.96,52.23,1,1,53.02,0
1.04,11.65,58.48,66.64,19,2,40.49,1
5.02,8.91,11.47,56.87,13,1,26.53,0
5.53,0.71,59.79,17.42,14,0,19.77,0
6.43,2.69,34.53,17.01,20,1,85.49,0
4.02,11.4,73.02,63.81,14,3,41.57,1
2.77,7.24,29.59,67.78,20,0,93.99,1
6.26,12.19,20.17,54.05,21,3,95.65,1
6.24,0.86,71.51,29.03,17,3,70.32,1
2.13,8.09,89.12,85.14,22,3,75.9,1
5.95,0.69,30.56,62.64,24,2,74.85,0
1.27,5.64,62.39,41.11,13,0,46.32,0
4.17,13.12,82.16,59.83,23,3,36.68,1
1.21,3.64,72.85,36.45,2,0,85.26,0
1.95,7.15,78.61,96.72,3,1,38.83,0
1.28,17.8,61.88,89.08,9,2,30.47,1
3.95,11.26,49.94,80.92,21,1,22.61,1
4.12,4.66,72.01,21.72,20,0,81.91,1
6.86,1.91,8.96,77.99,16,2,81.93,1
1.44,6.45,70.72,92.79,24,0,42.77,1
4.93,1.43,34.57,26.23,12,1,27.78,0
5.81,9.09,81.15,91.5,11,3,64.57,1
6.1,2.43,54.72,38.19,15,0,25.4,0
0.33,19.01,28.07,15.83,16,0,84.43,0
1.38,11.4,6.16,77.32,12,1,31.65,0
2.37,13.0,5.13,35.66,23,1,20.18,0
3.81,12.52,51.87,96.56,16,2,15.75,1
2.69,0.04,89.28,21.11,6,1,70.23,0
6.73,15.79,82.92,30.51,2,1,45.55,1
4.77,10.03,75.49,49.9,1,2,71.44,1
1.89,11.43,28.33,43.98,25,1,29.26,0
6.87,14.45,83.18,62.88,12,0,60.82,1
5.71,0.09,43.39,44.42,21,1,35.61,0
5.47,9.65,33.77,92.31,15,0,55.04,1
2.5,11.24,58.34,88.43,25,0,77.31,1
6.36,3.11,15.71,71.88,18,0,78.36,0
5.08,19.2,68.5,66.34,23,1,66.34,1
0.53,7.45,55.84,64.44,20,0,77.31,0
5.6,9.31,43.03,49.01,13,3,17.39,0
6.74,9.76,85.02,94.23,23,0,36.61,1
5.07,8.77,56.03,65.54,1,1,66.03,1
3.68,2.29,20.53,91.61,16,1,26.12,0
6.56,10.84,30.75,73.14,8,2,91.08,1
3.41,16.02,90.03,49.11,2,3,72.64,1
4.8,11.11,46.45,56.49,20,1,10.4,0
6.69,6.72,12.58,24.27,7,0,17.87,0
2.14,9.36,93.53,69.32,14,3,72.07,1
6.33,2.71,60.34,54.66,7,1,75.03,1
2.58,8.65,37.98,39.92,21,1,31.5,0
4.49,7.72,86.09,38.51,11,1,14.03,0
5.34,2.94,68.3,21.88,13,1,61.32,1
4.33,12.06,48.35,81.2,19,3,13.79,1
4.82,10.81,10.17,27.76,16,3,74.6,0
2.73,3.77,45.77,78.79,9,0,57.37,0
3.46,2.75,82.98,84.43,22,2,96.4,1
5.76,19.04,58.38,38.22,14,2,22.66,1
6.58,8.27,99.73,24.5,15,0,66.25,1
0.07,16.59,66.31,79.09,2,1,65.16,0
3.73,5.65,73.47,18.53,23,0,31.99,0
1.95,15.36,72.36,80.48,25,3,57.77,1
4.55,10.24,25.69,82.45,17,3,85.61,1
1.46,10.27,61.59,49.43,9,2,40.03,0
0.31,3.21,48.68,24.34,7,3,63.18,0
0.91,13.33,64.53,37.47,5,1,55.89,0
6.13,14.38,5.35,80.66,17,0,98.6,1
2.11,16.52,66.96,70.96,22,2,81.47,1
3.02,7.17,10.49,96.46,5,2,13.17,0
0.22,9.5,80.65,12.39,13,2,43.82,0
5.1,5.49,5.45,42.49,16,2,48.54,0
3.08,18.38,24.25,73.69,16,2,80.01,1
6.33,19.6,31.3,83.54,18,2,81.18,1
1.93,19.56,49.11,78.59,7,0,31.53,0
0.62,1.16,28.76,74.18,23,0,43.01,0
4.84,14.43,80.57,72.82,0,3,47.38,1
3.75,16.74,24.82,33.5,15,3,52.69,1
1.2,17.25,87.91,87.13,18,1,65.94,1
0.82,19.07,80.58,51.15,5,1,24.57,0
6.15,2.03,23.02,36.51,2,3,84.16,0
3.29,0.93,49.03,98.55,18,0,34.17,0
0.53,2.55,37.9,28.73,3,3,99.94,0
0.01,7.95,23.55,44.22,11,3,10.5,0
6.86,1.96,97.61,87.85,0,0,94.74,1
4.52,10.84,90.41,76.07,3,2,88.63,1
1.61,13.79,9.2,48.2,11,1,86.56,0
5.78,10.58,23.65,42.22,18,0,46.48,0
6.6,10.72,96.32,90.16,17,1,69.63,1
4.57,2.71,22.15,18.68,3,0,33.34,0
0.73,0.24,58.63,39.82,11,0,55.65,0
5.81,12.09,50.93,75.54,23,0,82.88,1
6.94,19.17,66.43,65.42,19,2,13.3,1
3.0,15.4,9.78,25.76,21,0,22.08,0
5.26,14.84,81.59,56.22,21,3,75.49,1
3.98,2.44,28.58,45.07,12,1,52.26,0
4.91,15.16,53.17,64.93,20,0,13.56,0
5.02,12.27,90.78,67.95,17,0,15.49,1
5.37,9.09,56.09,94.77,21,1,24.21,1
1.6,19.1,86.17,45.08,21,1,34.5,1
4.25,19.11,84.32,36.96,9,2,72.16,1
2.63,14.3,83.66,32.45,18,3,82.31,1
1.29,18.13,20.95,57.32,24,3,61.05,1
6.33,8.4,17.89,37.73,6,2,57.8,1
6.89,14.71,70.27,79.45,21,3,69.79,1
1.31,4.4,25.29,80.16,1,1,39.01,0
0.32,10.06,78.67,12.02,10,1,81.01,0
6.64,19.21,54.2,73.65,22,1,72.78,1
1.91,13.21,19.04,40.75,11,3,77.52,1
5.19,10.33,34.45,91.75,3,0,58.65,0
2.02,9.82,90.04,19.4,17,0,88.27,1
4.21,10.55,29.32,84.9,1,3,47.44,0
4.52,8.42,24.38,20.36,16,0,67.54,0
3.88,18.99,18.81,60.68,2,2,72.45,1
6.36,14.35,54.6,99.91,13,0,76.56,1
1.03,11.67,82.6,39.74,2,3,58.32,0
1.9,15.33,89.36,64.04,20,1,86.66,1
1.93,9.35,76.27,97.51,3,2,42.69,1
0.69,5.57,83.35,39.05,0,3,43.44,0
4.63,11.24,99.52,76.44,1,0,24.66,0
0.59,7.26,26.06,44.24,1,2,32.3,0
5.51,6.11,82.46,96.42,24,3,24.56,1
0.16,4.74,61.09,94.83,4,1,92.12,1
2.09,4.55,97.18,97.47,0,3,73.94,1
0.32,16.69,25.71,66.84,9,1,41.1,0
0.61,0.78,36.61,59.82,16,2,12.64,0
3.21,11.27,41.18,38.9,19,2,36.65,0
4.77,4.01,7.79,62.75,4,0,40.22,0
6.53,16.89,16.46,76.15,11,0,62.71,1
0.97,1.35,40.52,33.29,0,2,13.91,0
6.02,2.09,74.63,31.78,21,0,24.63,0
4.0,19.83,48.92,93.37,6,3,70.26,1
1.07,15.59,22.36,35.01,10,2,34.4,0
4.14,15.77,32.29,40.73,13,2,57.27,1
4.25,10.9,59.09,33.66,18,0,83.26,1
4.19,0.27,58.93,52.91,6,0,55.33,0
0.29,3.36,7.13,22.77,22,1,18.83,0
1.94,13.75,26.02,22.99,15,2,15.41,0
3.89,17.6,16.38,21.05,23,1,91.4,1
5.85,0.2,24.94,80.11,16,2,84.66,1
5.45,9.56,39.65,93.64,0,0,91.48,1
2.42,3.93,14.4,61.7,12,3,44.69,0
6.98,0.4,21.72,32.01,3,0,64.82,0
0.61,11.5,49.34,58.01,21,1,28.77,0
3.03,14.21,78.69,76.42,17,1,57.79,1
3.32,12.78,62.54,26.5,25,3,20.83,0
2.15,11.8,95.13,72.06,9,1,81.02,1
3.9,9.66,97.32,53.0,16,1,82.41,1
6.35,4.37,91.36,39.83,0,1,35.99,0
2.33,2.42,62.23,18.38,3,3,66.62,0
5.18,17.53,84.14,58.08,17,1,77.78,1
4.38,10.73,61.43,21.18,20,2,64.5,1
0.86,19.43,77.67,82.08,8,3,81.77,1
0.62,18.67,58.99,70.79,1,3,34.58,1
3.84,3.97,8.88,96.01,7,2,37.07,0
5.48,6.7,25.38,53.8,25,2,74.28,1
6.43,12.85,55.88,98.45,7,2,81.33,1
3.56,10.26,15.56,66.95,7,1,89.29,1
6.34,1.05,11.45,71.8,9,2,25.71,0
1.53,6.23,95.06,33.24,15,0,88.34,0
2.57,15.03,21.93,40.69,14,2,89.64,0
2.26,5.02,58.66,41.14,20,0,33.4,0
5.49,10.14,24.59,17.21,0,1,93.82,0
2.35,14.81,66.8,74.34,6,2,73.84,1
5.92,15.4,58.39,86.98,7,0,47.65,1
0.88,2.97,83.05,63.02,15,1,22.73,0
2.03,7.48,76.69,63.68,7,1,65.48,0
6.01,2.59,11.08,78.85,19,2,15.88,0
0.99,10.85,83.79,73.65,0,3,37.72,1
5.13,13.58,15.52,28.76,6,1,77.13,0
2.75,5.36,18.41,65.73,9,3,66.08,0
0.37,1.0,48.55,45.23,10,0,84.76,0
5.57,4.82,65.66,95.89,24,0,16.69,1
5.67,13.56,72.99,69.43,2,3,63.59,1
1.73,17.86,55.99,97.87,5,0,74.32,1
1.45,15.25,53.7,92.3,17,1,63.07,1
0.2,5.01,55.62,13.12,1,2,74.28,0
6.19,0.27,96.64,25.4,0,0,77.7,0
1.47,6.62,25.96,20.52,25,0,33.16,0
4.0,14.54,73.73,85.46,14,3,89.45,1
0.9,11.67,38.99,24.91,15,1,46.65,0
6.61,8.09,54.99,78.95,10,3,14.67,1
4.0,17.48,33.52,85.19,5,1,23.39,0
6.14,3.84,27.42,96.76,15,2,42.69,1
3.58,12.67,5.88,33.61,13,2,23.91,0
5.36,11.71,24.35,46.23,21,2,47.22,1
5.36,6.43,95.87,61.09,6,0,69.05,1
2.92,11.62,30.04,19.34,22,1,75.04,0
6.74,6.89,57.06,80.4,3,3,53.52,1
2.79,18.26,87.49,27.34,7,1,60.94,1
2.79,16.52,74.02,56.57,7,1,30.11,0
5.08,2.98,81.95,52.76,23,1,33.8,1
1.77,11.57,23.34,92.7,15,2,87.53,0
5.25,7.98,61.54,77.55,15,1,31.64,1
0.76,13.04,33.13,33.56,17,0,39.98,0
0.42,10.29,43.07,35.96,10,3,41.18,0
4.35,3.1,65.86,98.16,16,2,36.53,1
1.41,0.3,53.04,28.64,21,1,71.64,0
0.77,7.98,12.23,92.86,17,3,46.4,1
2.37,18.45,8.91,80.35,7,0,25.08,0
4.53,1.46,86.52,48.61,24,1,55.82,1
1.7,7.62,82.68,55.56,24,3,92.99,1
3.78,8.1,30.92,30.18,4,2,83.95,0
0.36,1.37,68.61,41.68,0,0,99.54,0
4.65,17.43,74.39,16.47,2,2,53.66,0
1.19,13.57,44.62,31.9,11,3,29.7,0
0.98,13.38,43.84,47.41,10,0,63.23,0
4.63,0.32,50.34,85.32,16,0,17.55,0
3.68,15.77,34.42,89.37,18,2,83.75,1
2.85,13.57,84.47,94.0,12,2,89.5,1
3.94,13.76,9.46,94.57,7,1,20.45,0
4.7,8.11,40.18,12.61,20,0,27.85,0
1.44,7.61,51.93,84.31,11,1,21.72,0
3.8,6.26,37.26,83.58,6,3,89.46,1
0.71,4.02,79.46,23.04,11,2,68.77,0
1.66,17.49,28.72,24.9,4,2,26.27,0
5.23,5.78,7.53,55.59,17,1,94.07,1
0.27,10.22,39.59,28.77,2,1,16.75,0
3.75,5.76,40.03,33.47,24,0,92.0,1
6.0,19.29,12.19,76.41,19,0,59.64,1
3.91,9.11,62.96,21.74,15,3,42.44,1
1.12,4.97,17.44,24.27,20,1,71.81,0
2.5,3.03,30.37,22.83,3,2,13.56,0
2.87,10.11,42.36,53.19,7,1,40.8,0
2.69,7.61,60.29,80.64,16,2,65.43,1
1.82,14.21,74.23,20.78,24,1,11.84,0
4.92,6.24,99.86,98.92,22,1,48.71,1
6.0,11.13,67.41,49.49,5,3,42.31,1
4.52,11.07,9.09,85.38,24,3,24.38,1
6.3,2.56,29.85,82.81,11,0,67.98,0
4.19,11.06,86.53,14.98,10,3,94.72,1
1.12,19.62,20.19,81.22,14,1,90.26,0
6.77,15.31,60.26,95.97,14,2,33.9,1
0.96,15.81,27.28,30.03,6,2,21.68,0
2.96,15.35,40.58,70.52,19,1,94.12,1
2.95,3.83,19.17,32.49,4,0,77.87,0
2.8,17.99,27.44,88.79,4,1,53.79,0
3.61,8.05,99.2,22.72,23,1,60.6,1
1.31,12.24,75.46,10.92,7,3,83.4,1
1.04,11.53,74.37,33.03,7,2,66.96,0
4.74,12.19,6.21,45.96,5,2,40.8,0
1.37,5.24,88.75,62.43,21,0,18.08,0
5.4,4.56,54.37,76.02,21,0,59.06,1
1.06,0.99,42.43,29.33,3,1,43.68,0
4.88,7.95,97.59,84.57,20,3,73.77,1
2.0,19.81,78.96,63.95,25,0,16.48,0
3.89,13.39,22.67,54.77,0,2,90.28,0
6.36,6.98,84.41,21.92,0,1,90.71,1
6.59,5.47,40.16,29.76,4,0,97.56,1
3.22,1.64,72.36,73.3,12,1,54.76,1
5.71,10.63,90.78,62.39,18,2,71.81,1
3.41,1.16,56.04,72.14,25,1,14.73,1
4.1,18.27,22.96,68.23,23,0,58.72,1
1.05,1.09,61.86,82.13,24,1,56.87,0
1.18,7.07,26.71,50.78,20,0,34.67,0
1.54,3.35,27.31,31.71,23,2,98.31,0
5.14,1.04,79.27,51.88,24,1,90.16,1
3.11,12.83,84.43,79.83,21,1,64.97,1
1.23,18.5,39.96,24.97,4,0,40.91,0
6.38,12.64,75.17,17.96,14,3,91.49,1
1.76,12.52,74.66,27.96,5,0,96.1,0
3.21,16.48,94.97,87.51,15,2,55.54,1
1.83,8.51,63.47,29.86,11,1,64.89,0
2.14,6.63,85.64,50.44,16,2,50.05,0
1.64,10.27,6.41,70.93,20,2,60.92,1
4.72,4.32,35.41,58.51,16,3,63.8,1
2.63,3.04,24.6,56.16,21,2,29.61,0
3.61,6.52,93.23,85.69,12,3,64.55,1
2.79,16.3,97.9,44.57,4,0,38.37,0
2.84,11.44,70.25,94.78,9,1,53.58,1
4.52,14.4,50.47,55.0,10,3,59.19,1
6.73,1.35,67.99,30.86,14,0,36.38,1
2.96,5.3,33.74,37.81,24,1,46.68,0
1.89,8.35,99.28,55.99,9,0,77.23,0
1.41,12.12,66.45,88.61,4,2,52.85,0
3.44,9.76,8.95,84.44,18,1,52.44,0
5.41,19.55,41.46,42.29,17,0,64.17,1
5.9,1.84,69.36,21.19,23,0,99.14,1
3.33,7.48,31.81,61.15,22,1,35.1,0
1.18,19.39,44.97,63.64,2,1,33.53,0
5.04,6.86,8.73,63.55,20,2,55.25,1
1.83,9.84,93.65,13.39,1,0,12.41,0
0.73,3.41,7.41,52.3,13,0,78.04,0
1.54,12.79,9.78,99.25,10,0,50.91,0
4.14,3.72,14.43,51.95,6,0,87.48,0
2.83,4.03,32.11,57.64,1,0,42.91,0
5.44,10.18,9.01,63.65,10,0,50.45,0
3.97,6.38,45.52,23.03,8,0,36.23,0
2.6,12.26,45.12,60.09,22,0,11.96,0
1.33,14.38,80.75,93.54,0,1,72.22,1
5.95,3.18,78.58,80.25,17,2,36.01,1
1.2,1.22,44.21,63.05,23,2,13.19,0
6.78,10.39,65.32,69.66,2,2,44.08,1
3.38,2.49,16.5,41.38,1,3,40.11,0
4.27,19.84,72.19,54.51,15,1,80.26,1
6.7,14.54,88.87,80.65,8,2,74.21,1
6.36,9.68,97.34,29.05,25,0,90.05,1
2.84,7.36,90.19,82.62,18,3,67.44,1
6.55,0.81,7.6,93.4,19,2,27.97,0
2.92,14.11,45.55,78.01,25,3,71.65,1
0.88,1.54,60.52,28.01,18,1,43.19,0
0.69,2.33,27.58,30.9,3,1,39.48,0
4.89,17.97,18.17,15.35,23,1,92.82,1
3.63,4.98,78.1,22.93,18,2,44.5,0
6.32,18.08,57.29,15.51,21,3,59.74,1
3.73,18.83,30.96,95.35,4,0,88.58,1
5.54,13.98,69.12,66.59,22,3,65.5,1
6.75,8.76,57.51,86.79,4,1,82.88,1
6.99,8.54,36.41,79.08,19,0,31.42,1
0.5,18.12,36.2,76.93,10,0,30.94,0
6.87,0.33,15.03,28.32,22,2,78.51,0
3.66,10.28,60.56,94.7,25,0,38.56,1
2.9,18.92,41.94,68.67,22,0,38.38,1
5.79,12.62,44.8,24.44,7,0,30.09,0
5.48,9.97,9.91,48.0,4,0,80.46,0
6.01,7.94,33.36,41.4,25,3,55.38,1
4.33,19.65,71.22,48.34,17,1,85.16,1
4.54,19.96,50.12,60.96,5,0,18.94,1
4.4,17.34,84.55,40.12,25,0,95.35,1
6.24,18.23,9.29,56.21,13,0,54.58,1
3.79,10.91,76.34,60.52,12,0,50.06,0
0.13,2.23,54.41,12.24,20,3,63.12,0
0.2,8.45,37.08,61.38,22,2,55.49,0
2.35,4.56,58.1,86.17,1,3,94.43,1
0.11,8.26,8.92,83.52,3,1,58.72,0
0.32,18.27,73.98,30.51,25,2,26.54,0
1.38,7.73,17.2,88.99,7,3,80.01,0
0.2,2.52,71.99,11.04,22,0,88.06,0
3.7,0.39,29.38,29.58,3,3,74.12,0
5.77,4.85,61.89,59.43,6,3,79.54,1
6.86,17.99,62.36,13.17,19,0,57.28,1
5.18,0.94,33.91,46.32,19,0,26.41,0
3.92,16.2,17.0,11.78,21,3,51.74,1
4.46,12.4,19.69,29.79,21,1,76.52,0
3.57,18.31,45.37,61.65,12,3,15.67,0
4.15,11.48,30.91,27.64,3,0,75.92,0
2.62,8.43,16.87,80.77,23,0,67.4,0
0.42,0.64,19.87,67.99,16,3,75.63,0
1.99,19.36,70.87,23.02,16,1,42.83,0
1.03,9.64,69.59,35.54,22,2,99.12,1
2.1,2.19,91.82,35.74,12,1,87.55,0
4.18,17.37,86.59,83.52,8,3,65.93,1
3.25,4.37,89.03,85.16,2,1,40.78,0
5.36,18.37,23.55,69.92,0,1,56.78,1
6.72,13.51,54.01,65.86,13,0,23.69,1
2.08,14.42,97.22,15.1,20,3,13.49,1
5.68,8.28,37.43,73.14,22,3,17.03,1
5.03,10.32,30.26,37.41,10,1,55.04,0
5.6,13.32,92.63,23.11,6,2,85.39,1
6.12,5.13,71.62,87.76,13,3,68.58,1
4.99,9.31,49.9,91.62,20,1,13.58,1
5.21,19.94,24.32,45.86,10,0,75.29,1
0.82,13.65,41.42,64.14,10,1,80.94,0
3.84,13.61,84.02,72.29,20,3,68.11,1
3.12,11.08,68.11,88.44,24,2,91.71,1
0.32,10.66,22.49,93.71,25,0,50.12,0
3.31,8.22,78.35,84.0,23,2,92.45,1
6.23,11.94,38.06,71.57,7,1,11.02,0
4.62,4.63,8.15,23.03,6,1,49.81,0
1.09,17.13,74.53,80.11,10,1,13.24,1
4.87,17.92,95.38,41.36,18,0,35.07,1
3.6,4.4,16.96,73.64,18,1,31.54,0
0.42,5.46,47.49,71.22,12,0,27.98,0
0.01,18.47,18.93,90.86,7,2,79.08,1
2.96,14.81,36.97,49.62,7,0,55.85,0
4.34,6.05,15.34,77.4,3,2,65.03,0
6.08,8.35,69.25,96.48,17,1,88.59,1
0.9,3.74,85.36,89.48,22,2,48.45,1
5.79,14.4,94.72,72.89,15,0,74.59,1
1.41,11.74,24.22,33.01,9,0,95.34,0
2.4,1.94,26.24,40.74,8,2,20.47,0
0.72,18.16,32.83,96.18,18,0,35.32,1
2.9,3.2,99.33,43.63,20,3,85.44,1
1.38,12.27,9.79,73.41,2,2,13.32,0
5.1,15.1,72.47,92.07,22,1,67.28,1
5.46,2.35,8.97,25.36,21,3,74.69,1
4.16,5.9,68.98,96.58,9,0,23.86,0
3.93,6.14,43.41,15.89,18,0,44.75,0
1.12,16.37,35.21,83.53,8,1,85.29,0
6.48,2.59,25.94,48.43,16,3,29.18,1
6.96,0.93,67.46,49.55,6,3,47.08,1
3.38,17.46,21.46,54.14,3,0,54.75,0
6.75,8.69,94.22,50.82,23,0,68.11,1
1.6,16.12,24.95,46.26,4,0,75.47,0
0.22,1.94,57.09,12.82,5,1,38.51,0
6.56,3.3,41.06,87.06,1,2,36.98,0
0.38,11.18,94.55,26.82,9,0,40.43,0
1.18,2.96,86.25,67.55,3,2,53.12,1
0.11,16.19,91.49,98.09,16,2,93.1,1
5.29,11.72,89.04,21.97,24,0,45.55,1
1.64,5.64,56.12,24.03,5,3,80.69,1
1.76,4.57,28.15,34.0,11,3,46.55,0
1.27,1.27,79.32,19.59,15,2,94.69,0
0.31,16.08,89.36,61.92,16,3,14.74,0
6.21,18.95,62.97,61.6,11,0,24.8,1
4.09,6.53,18.58,79.75,10,2,41.59,1
3.68,2.67,40.37,97.48,19,3,16.14,1
3.19,10.89,54.43,31.82,7,0,62.0,0
6.84,3.42,73.19,59.28,0,0,81.49,0
1.33,9.36,79.29,22.98,7,2,49.71,0
0.94,6.93,75.35,17.66,1,2,17.43,0
4.61,9.35,64.95,18.76,2,1,80.2,1
0.95,16.96,54.2,31.39,17,0,70.1,0
1.72,12.64,46.49,51.43,11,3,11.41,0
3.74,15.78,24.45,30.68,24,1,60.4,0
2.77,15.88,53.36,64.11,7,1,44.25,1
3.92,13.59,61.43,27.15,8,0,20.62,0
2.59,8.28,97.08,45.29,10,2,73.2,1
3.06,3.6,68.11,44.26,8,0,32.65,0
3.68,15.93,30.42,92.31,7,0,83.44,1
3.1,8.78,86.33,29.96,17,0,85.82,0
3.49,10.98,65.86,67.85,23,2,85.95,1
2.32,0.47,14.92,62.88,14,0,72.88,0
1.76,17.69,56.3,80.72,8,0,12.86,1
3.8,1.91,46.21,95.87,4,0,15.59,0
0.12,7.36,15.85,17.0,11,3,43.62,0
1.03,4.98,53.03,48.05,0,3,17.73,0
4.83,2.92,23.33,38.58,5,2,62.95,0
0.38,11.04,23.39,59.41,24,3,17.43,0
4.7,16.4,48.43,70.81,13,3,93.86,1
6.69,6.76,78.13,66.17,21,3,52.46,1
1.45,12.47,99.42,42.58,5,3,47.71,0
2.47,12.19,18.44,68.08,1,3,85.02,1
4.5,2.82,15.84,66.08,17,3,92.57,1
4.16,14.6,11.38,39.44,14,2,39.77,1
1.4,0.56,90.24,25.87,10,3,91.42,0
3.99,12.73,48.84,63.97,18,0,45.57,1
2.23,19.96,6.26,37.31,1,0,43.23,0
2.83,18.78,61.26,15.55,18,2,71.35,1
4.48,14.76,26.94,57.59,24,3,61.9,1
0.34,3.28,56.48,63.54,9,3,63.64,0
4.45,6.98,58.51,20.4,7,1,11.29,0
6.78,15.99,31.83,18.65,14,3,72.52,1
0.13,13.69,61.75,52.25,5,3,45.11,0
1.2,2.65,97.85,73.9,6,2,31.9,1
4.83,11.73,70.98,48.47,11,0,77.4,1
0.69,9.62,7.94,68.91,25,3,66.47,0
3.75,18.04,81.39,95.97,14,1,16.38,1
3.38,8.27,68.91,25.06,0,0,16.37,0
3.73,19.21,77.2,65.59,11,1,57.12,1
6.69,12.14,25.39,20.8,25,1,67.21,1
4.18,16.72,17.82,64.6,6,0,16.52,0
1.72,4.38,67.17,35.34,7,3,62.66,0
0.27,9.67,82.67,16.57,9,3,82.62,0
1.01,2.61,99.19,45.49,9,2,94.84,1
4.65,9.83,92.3,49.23,22,2,13.2,0
2.92,3.88,33.47,83.95,10,1,92.83,1
4.58,2.02,26.0,15.76,13,2,73.4,1
5.07,1.41,51.44,62.9,11,2,57.05,1
6.3,6.07,78.79,66.32,11,0,50.73,0
4.66,0.82,15.61,70.9,16,3,50.62,1
2.51,7.65,29.39,61.91,13,0,38.05,0
3.1,4.55,65.17,29.9,15,1,59.07,0
5.14,3.5,76.02,46.43,12,0,88.35,0
0.48,6.3,20.28,95.11,22,2,54.33,0
5.95,2.92,5.95,53.47,6,2,95.6,0
2.87,13.08,43.73,86.15,5,2,47.0,1
4.44,9.61,9.05,32.69,15,1,56.13,0
3.36,8.02,50.29,32.86,10,3,48.29,0
4.54,0.64,56.42,10.05,19,0,97.0,0
0.18,7.27,55.79,29.24,19,3,84.86,0
3.39,4.43,53.24,34.63,7,0,40.45,0
6.78,14.4,9.52,61.75,5,1,82.02,1
0.62,19.61,85.33,24.7,5,2,84.72,1
6.29,15.46,38.07,77.95,24,0,61.8,1
5.61,1.77,93.1,89.33,23,1,62.62,1
0.2,3.71,52.87,79.15,24,1,12.21,0
4.61,12.43,83.31,62.66,11,1,79.88,1
3.91,17.35,31.61,57.27,21,3,23.24,1
5.52,1.61,75.16,49.11,8,1,58.42,0
3.48,1.62,54.1,10.56,7,1,90.07,0
0.59,5.77,20.81,71.46,23,1,81.72,1
0.76,2.18,50.54,13.08,20,3,10.88,0
3.08,18.08,43.78,25.86,12,1,63.28,0
2.33,1.55,53.63,17.44,5,2,54.77,0
5.9,12.82,57.36,50.69,23,0,89.15,1
3.79,2.69,21.59,61.83,15,2,31.72,0
4.9,19.76,80.24,69.96,22,0,83.01,1
0.71,2.89,16.66,36.4,20,3,22.48,0
3.6,14.28,29.12,43.61,7,0,44.72,0
4.05,13.94,81.76,23.99,7,2,27.49,0
4.54,6.67,84.89,23.53,23,2,39.3,0
0.12,4.2,72.35,30.34,9,1,82.95,0
0.41,10.29,28.92,45.37,19,0,69.7,0
5.35,0.8,18.75,56.09,12,0,65.74,0
0.7,11.49,69.27,27.85,5,2,45.92,0
4.27,5.22,61.02,44.72,2,3,97.04,1
6.06,0.94,34.39,30.78,9,3,58.8,0
6.95,2.02,48.3,60.44,8,0,62.77,1
5.14,13.26,64.67,42.18,19,0,36.18,1
3.05,12.62,13.74,30.89,2,3,69.17,1
2.35,16.06,43.16,36.6,12,3,97.56,1
3.49,2.24,46.23,85.11,2,1,31.4,0
0.69,3.23,15.42,75.15,21,1,95.86,1
5.98,16.63,74.03,32.21,8,1,99.28,1
6.65,17.52,54.53,42.15,21,0,88.88,1
3.3,9.95,40.79,24.29,1,0,62.76,0
4.56,2.69,9.95,42.07,8,2,59.18,0
2.98,0.19,58.76,59.65,8,1,68.95,0
0.93,14.46,44.19,98.37,8,1,29.84,0
4.76,4.36,46.97,80.51,3,2,16.5,0
6.95,13.65,97.25,60.6,0,3,75.65,1
1.13,16.43,78.16,34.09,14,1,76.64,1
5.33,5.84,51.02,11.75,8,1,50.21,0
2.73,7.74,82.73,25.22,14,3,80.01,0
1.74,10.54,33.68,61.62,18,1,30.29,0
1.54,19.32,13.14,47.97,24,1,53.01,0
3.21,4.76,68.42,24.74,5,3,41.61,0
4.47,10.27,37.54,59.21,11,2,98.17,1
6.49,0.5,29.19,98.13,5,2,93.19,0
6.28,19.0,45.46,43.88,3,0,16.87,0
4.95,13.14,25.46,11.98,17,2,58.04,0
2.12,18.73,12.0,21.92,24,3,35.91,1
0.61,13.26,56.36,43.93,4,3,89.84,0
6.05,14.08,57.21,66.76,8,2,71.78,1
0.26,18.55,11.64,90.19,23,1,69.27,0
1.58,17.41,33.6,76.42,8,0,61.63,1
4.6,4.93,27.07,57.49,23,3,19.07,0
1.53,9.6,18.3,42.53,24,2,30.8,0
6.63,16.1,59.34,89.63,12,2,30.78,1
2.94,14.63,66.94,31.06,18,2,15.54,1
4.2,19.78,68.4,37.44,23,3,60.36,1
1.19,12.0,39.05,71.08,21,0,38.58,0
5.76,3.11,50.93,32.6,19,1,66.26,0
5.6,4.87,86.01,41.26,14,1,45.12,0
4.71,19.28,16.85,39.12,16,1,87.23,0
4.0,8.47,60.55,28.65,12,0,99.49,1
1.06,1.42,12.53,37.53,25,3,58.36,0
5.05,15.11,41.63,12.47,15,2,86.69,1
5.75,6.04,82.29,95.43,9,2,69.25,1
1.94,16.2,92.99,59.06,7,1,78.5,1
4.38,5.28,97.92,90.92,11,1,91.84,1
1.25,14.83,31.19,42.46,11,2,18.53,0
0.17,1.52,82.03,36.74,16,2,28.25,0
3.26,3.23,31.29,13.73,4,1,89.26,0
5.98,11.3,71.55,22.97,8,1,59.44,1
0.37,17.68,25.96,84.32,20,2,34.64,0
6.25,2.39,77.27,85.25,4,2,35.86,1
1.25,3.12,20.15,98.05,25,3,90.84,1
6.77,18.9,55.26,87.24,11,0,15.05,1
1.59,4.39,18.23,50.92,3,3,99.88,0
2.58,16.13,67.68,37.05,12,3,20.82,0
1.65,6.68,68.17,60.11,4,3,25.67,0
5.15,8.93,92.05,64.46,8,2,92.53,1
1.14,17.17,7.09,65.22,13,1,84.33,0
6.5,12.92,76.92,10.5,6,0,18.77,0
1.19,5.58,80.85,42.45,20,0,97.15,0
0.12,4.72,47.53,34.71,20,1,13.41,0
6.57,13.16,41.37,10.28,8,1,21.9,0
5.13,0.29,12.37,37.84,17,1,61.08,0
2.16,11.81,23.26,57.02,17,3,89.29,1
3.21,4.41,12.42,29.09,19,3,30.33,0
3.24,13.5,9.89,28.53,13,2,86.68,1
6.3,16.52,13.54,52.67,8,3,37.36,1
3.92,2.47,76.41,36.2,10,3,37.89,0
0.92,14.95,26.82,37.93,20,3,58.44,1
4.76,4.94,7.07,53.88,24,2,62.57,0
2.37,4.28,54.71,50.72,5,2,40.94,0
4.83,7.04,97.25,16.82,20,0,57.97,0
2.37,13.59,44.16,16.73,3,2,59.78,0
3.31,10.75,54.28,88.86,25,1,71.65,1
1.38,12.61,26.67,29.48,18,2,85.98,0
0.74,10.57,7.57,34.74,13,1,33.9,0
2.44,6.66,57.88,88.1,1,2,32.56,0
4.35,3.82,95.99,40.83,20,1,31.94,0
2.23,2.59,96.32,85.89,19,3,56.37,1
1.73,13.91,56.75,11.74,7,3,69.67,1
5.58,9.99,53.18,19.58,23,0,13.42,0
1.76,11.2,28.59,86.85,21,0,21.64,0
6.78,17.03,38.4,11.75,6,1,58.96,0
4.0,1.66,12.31,88.89,12,2,23.4,0
4.98,2.52,85.22,77.43,23,1,88.65,1
5.85,14.91,14.85,39.59,13,3,80.69,1
3.1,7.62,96.29,38.33,16,1,17.28,0
5.31,8.52,63.64,97.35,13,3,12.07,1
2.71,16.24,86.75,62.6,2,3,16.75,1
6.26,19.39,89.68,95.18,22,0,74.47,1
6.95,4.88,53.01,27.44,25,0,65.47,1
4.09,3.73,84.86,90.33,16,0,94.24,1
0.8,4.59,66.6,94.23,21,3,27.38,1
5.35,18.02,33.26,90.59,11,0,83.36,1
5.07,9.91,54.33,44.99,1,1,16.81,0
2.2,3.98,45.09,49.33,10,3,40.4,0
2.01,12.46,9.68,28.73,18,3,30.08,0
6.15,17.3,22.29,36.5,8,2,50.53,0
0.92,13.79,71.75,52.73,14,3,99.33,1
6.77,10.62,41.92,86.0,2,1,56.17,1
6.46,5.45,26.19,54.5,8,2,76.65,0
3.87,11.39,55.67,21.25,25,1,65.51,0
0.29,15.69,64.33,11.7,17,3,91.85,1
0.25,13.78,81.15,41.37,3,0,26.28,0
1.91,16.84,88.08,83.08,4,0,26.89,1
2.28,8.29,13.94,12.96,16,1,83.43,0
5.38,0.1,25.3,97.8,2,0,42.86,1
6.79,3.51,84.64,98.16,18,1,63.07,1
4.41,3.74,99.34,19.93,20,2,40.18,0
5.05,10.64,86.08,63.4,21,0,66.36,1
6.53,9.3,69.07,32.76,25,3,14.9,1
3.33,4.25,68.81,75.14,8,3,61.38,1
5.31,5.88,18.71,29.19,21,2,13.27,0
1.77,10.58,38.33,23.21,21,3,56.48,0
1.39,18.31,77.33,25.34,0,3,42.17,0
3.81,8.27,76.55,44.54,21,2,79.3,1
4.92,11.4,91.98,44.13,18,1,50.51,0
6.15,17.62,6.54,78.83,23,1,86.26,1
5.2,5.28,37.37,15.46,14,2,59.86,0
4.73,3.59,14.37,37.5,2,0,19.95,0
1.17,8.75,91.69,45.94,8,2,54.89,0
0.69,17.06,42.32,98.43,3,1,33.1,0
0.69,7.14,64.75,37.68,14,3,70.39,0
5.18,12.49,47.28,43.99,17,3,15.05,0
3.64,11.27,6.87,13.09,1,2,76.33,0
3.98,4.65,40.86,99.86,7,2,45.36,1
6.71,12.8,95.34,87.47,12,1,80.32,1
0.84,10.96,16.31,52.32,23,2,14.95,0
0.25,4.72,49.64,43.72,16,0,56.87,0
4.73,11.27,58.3,24.19,15,0,89.1,0
6.67,18.44,21.43,32.77,12,2,18.84,0
2.68,12.42,70.36,11.06,17,1,37.64,0
5.31,0.23,37.14,62.7,24,1,10.56,0
6.3,19.78,88.88,45.18,11,1,29.62,1
2.61,6.68,52.23,78.65,17,1,12.62,0
0.12,9.82,85.64,33.97,9,2,99.21,1
3.17,0.24,57.45,95.75,10,3,35.12,1
1.32,12.72,50.11,35.57,3,2,90.5,0
2.07,4.36,28.73,56.06,24,2,57.74,0
6.17,6.91,45.86,47.38,10,0,54.55,0
4.88,14.66,47.11,92.16,15,0,42.82,1
0.44,5.68,48.47,34.3,9,2,15.16,0
2.05,10.62,66.16,69.58,18,1,93.9,1
1.18,15.25,58.98,58.68,19,2,53.75,1
4.72,18.11,54.59,34.77,16,2,53.27,1
3.45,9.03,68.87,87.45,0,2,25.12,0
3.81,2.46,72.85,90.63,3,1,60.58,1
1.69,10.25,45.12,29.97,23,0,88.61,0
2.54,19.74,15.05,85.85,10,1,26.78,0
0.85,1.84,43.0,47.84,5,0,56.78,0
1.83,0.2,61.73,73.2,13,0,78.18,0
2.56,4.47,73.07,33.35,20,0,37.49,0
0.61,8.61,61.96,90.17,24,1,32.91,0
5.36,14.32,88.94,39.98,8,1,94.39,1
5.27,4.93,48.76,69.33,0,3,97.76,1
3.22,13.81,60.95,39.89,11,2,18.74,0
6.29,12.53,98.75,58.4,17,0,94.14,1
6.44,4.66,31.35,29.9,15,1,92.93,0
3.58,7.1,25.09,21.97,22,3,62.97,0
0.16,16.43,68.02,22.99,3,2,25.83,0
5.93,12.12,63.74,46.67,5,1,31.13,1
3.73,5.04,66.62,51.03,16,1,54.11,1
2.61,17.46,31.5,40.59,12,2,94.35,1
0.8,3.22,78.09,29.11,23,3,32.91,0
5.58,7.51,57.74,97.33,8,2,70.95,1
3.72,5.01,83.23,83.47,6,2,23.29,0
6.52,19.23,35.05,89.9,20,0,71.18,1
2.14,15.35,52.02,93.16,10,1,98.58,1
2.61,18.33,97.8,41.97,3,3,23.63,1
4.15,17.31,44.61,67.62,20,0,24.81,0
1.81,1.7,67.54,87.8,19,1,53.33,0
0.94,14.38,75.89,16.62,17,0,79.3,0
5.54,1.5,80.84,92.37,20,2,44.64,1
4.26,13.49,52.47,57.19,17,0,53.17,0
3.46,6.55,42.16,38.35,9,0,81.66,0
0.32,5.95,15.8,32.54,15,1,73.34,0
2.65,2.77,27.55,19.2,7,2,16.31,0
6.48,4.4,77.87,34.08,19,2,13.21,0
6.67,7.48,23.56,56.95,23,0,48.7,0
1.2,7.65,98.57,26.31,21,2,65.26,1
0.63,7.94,26.4,65.29,9,3,98.79,0
5.35,5.82,31.31,38.38,10,3,18.87,0
6.15,8.06,35.89,73.85,18,1,97.39,1
3.39,3.18,97.69,66.24,4,0,52.53,0
2.03,0.45,17.54,28.92,2,3,65.7,0
3.23,6.17,19.7,99.96,0,1,58.2,0
0.7,8.14,9.41,46.13,1,0,61.84,0
4.79,15.25,12.73,41.84,8,2,25.39,0
0.03,12.29,97.87,58.52,8,2,44.81,0
5.56,19.33,68.87,30.95,22,1,29.58,1
6.87,3.04,91.82,70.76,13,2,37.72,1
0.13,4.66,82.37,95.77,8,0,67.22,0
1.57,8.92,34.6,44.91,10,1,77.86,0
0.51,9.77,18.2,74.97,20,2,42.54,0
1.97,13.52,32.85,86.19,22,2,51.98,1
5.94,11.71,19.2,73.05,0,1,56.43,0
0.86,9.98,40.33,34.19,6,2,57.88,0
4.18,0.69,78.68,23.8,6,1,57.1,0
5.59,7.08,50.46,39.76,22,0,55.11,0
1.97,9.2,27.8,68.77,17,0,24.49,0
0.41,7.62,5.5,59.13,12,2,41.06,0
5.54,15.54,5.91,39.69,13,3,90.09,1
4.38,15.63,36.2,28.97,6,2,44.76,0
0.75,6.16,87.5,39.5,1,0,36.85,0
2.36,13.61,93.68,82.5,24,0,28.93,1
5.18,17.83,49.42,25.41,11,1,85.43,1
4.17,12.43,75.34,44.01,7,3,63.98,1
6.54,19.43,96.75,17.47,5,1,26.09,1
1.34,3.7,35.21,53.01,22,1,17.31,0
1.55,5.36,61.52,46.1,1,2,15.06,0
0.64,12.86,29.22,60.87,10,1,85.95,0
4.56,9.58,20.21,87.78,6,0,93.21,1
4.97,13.78,12.49,81.5,24,1,15.67,1
2.64,13.27,30.77,73.7,16,1,52.85,0
6.15,12.05,62.9,18.06,8,3,80.19,1
5.3,15.47,72.93,23.81,21,2,45.41,1
3.55,13.93,37.67,59.66,21,0,12.58,0
4.63,6.56,60.88,30.24,5,1,63.53,1
2.38,17.6,58.11,34.88,25,3,24.91,1
5.52,6.3,60.51,34.04,20,0,12.65,0
0.91,5.71,47.44,99.89,10,3,32.58,0
1.5,11.85,66.77,18.79,0,0,36.64,0
6.1,2.54,68.4,92.97,9,3,43.15,1
6.01,16.52,51.42,50.09,3,2,45.15,1
0.4,11.8,5.21,43.6,5,0,30.68,0
3.75,6.17,31.74,68.3,10,2,50.97,0
4.41,14.78,18.17,31.99,21,0,66.41,0
2.47,15.45,65.59,89.54,20,2,56.43,1
4.19,10.59,90.52,31.32,6,0,35.86,0
5.78,13.42,68.86,44.63,16,2,63.85,1
5.57,3.42,58.38,61.84,3,0,92.49,1
4.8,12.8,16.78,90.73,10,3,51.88,1
6.7,14.3,9.64,19.48,17,0,25.55,0
1.11,5.77,81.16,29.9,9,3,54.74,0
4.75,15.92,46.12,25.42,15,0,95.35,1
0.72,17.76,19.44,28.64,2,2,24.71,0
1.2,18.44,13.75,82.7,12,3,91.26,1
2.32,17.52,93.72,67.99,4,1,23.91,0
1.86,9.13,61.83,40.97,23,1,40.74,1
3.89,8.32,32.54,23.83,9,2,64.45,0
3.52,8.23,85.66,69.11,4,3,20.91,1
3.73,15.68,9.57,61.91,4,3,72.29,1
5.59,12.42,88.4,46.38,14,0,16.96,1
1.76,2.77,74.64,12.6,11,3,56.88,0
2.65,12.59,67.46,51.68,0,0,96.32,1
4.43,19.18,53.75,91.16,6,0,21.14,1
3.7,17.17,15.06,55.76,18,3,87.4,1
0.01,6.46,29.09,84.04,23,2,66.04,0
4.22,1.92,8.49,43.63,16,1,72.58,0
6.01,4.16,52.89,38.69,16,0,24.97,0
6.04,9.67,9.36,52.45,25,3,14.4,1
6.6,9.23,20.07,20.58,16,2,90.45,1
2.6,13.82,99.18,39.54,9,1,85.31,1
6.58,11.76,47.16,41.6,10,3,41.2,1
2.91,0.1,31.29,92.45,18,1,13.48,0
0.69,16.76,41.84,35.25,1,2,79.59,0
5.44,1.06,42.75,10.74,17,3,42.44,0
6.25,6.38,87.83,78.79,13,2,49.13,1
4.2,16.39,92.58,17.75,22,3,63.84,1
0.29,4.08,38.06,83.29,10,2,21.29,0
0.3,6.26,31.15,60.48,20,3,64.13,1
2.42,3.01,51.76,31.42,9,3,74.85,0
3.57,19.31,84.75,21.27,12,2,92.44,1
4.06,14.77,71.07,80.83,12,1,64.19,1
6.12,8.7,69.24,63.89,18,0,32.23,1
0.45,11.01,79.1,50.7,3,1,53.39,0
5.29,0.22,67.82,68.03,2,1,87.33,0
3.29,5.54,95.76,44.29,22,2,92.25,1
3.86,7.73,5.02,42.04,24,1,27.36,0
1.63,6.67,75.37,67.61,11,3,92.42,1
1.42,13.93,6.92,13.49,0,1,17.89,0
2.89,19.2,33.86,29.47,20,0,76.62,1
6.72,13.23,25.31,35.37,13,1,24.34,0
4.54,0.33,66.7,60.49,5,0,45.5,0
4.92,11.04,19.1,82.14,15,3,61.84,1
4.05,16.12,6.08,86.18,2,0,37.01,0
0.69,9.42,72.83,99.8,9,1,22.83,0
3.34,8.95,86.88,12.81,24,1,10.07,0
2.76,11.4,9.36,64.87,2,3,91.59,1
5.91,0.2,65.93,51.99,25,1,74.36,1
4.94,4.97,48.03,98.85,11,2,43.79,0
4.06,15.36,56.27,23.46,3,2,30.96,0
4.52,8.7,59.25,75.52,8,2,88.42,1
1.15,16.49,30.74,10.77,22,2,76.36,0
2.99,18.57,46.69,74.41,23,3,12.74,1
0.32,10.85,77.58,15.06,19,0,35.34,0
6.27,18.55,43.95,64.93,14,3,83.98,1
1.29,1.19,34.01,19.57,24,2,55.36,0
4.39,18.84,71.85,63.58,24,3,84.09,1
4.64,13.67,85.9,98.1,14,2,46.85,1
1.24,2.92,65.78,52.61,24,1,42.81,0
4.01,4.01,62.27,95.24,5,0,10.68,0
5.52,1.58,58.2,18.38,18,3,25.33,0
6.25,18.63,99.32,40.66,11,3,23.99,1
5.24,14.0,95.22,48.66,10,0,88.74,1
6.06,13.7,7.87,68.45,2,1,93.21,1
6.04,9.97,77.16,79.03,12,2,49.43,1
3.55,15.63,93.11,42.35,7,1,68.45,1
2.4,18.93,73.06,71.25,1,3,60.01,1
5.44,6.15,52.34,96.97,17,3,21.56,1
4.53,3.88,53.36,48.02,11,0,68.31,0
5.09,1.63,65.51,31.65,14,0,77.92,0
5.04,4.14,33.15,18.5,12,0,32.87,0
5.39,14.77,42.85,44.27,5,1,71.58,1
5.08,1.02,97.86,28.42,0,1,67.55,0
2.98,19.99,68.54,64.28,4,1,89.2,1
5.59,10.76,18.32,85.14,2,3,79.8,1
2.5,9.78,77.11,41.46,22,3,17.9,0
6.59,15.72,35.63,69.74,20,2,76.94,1
5.19,1.26,78.4,51.27,7,2,64.08,0
0.83,5.91,25.0,98.7,4,1,71.07,0
3.77,17.36,80.66,39.48,13,1,22.69,1
0.68,5.4,60.51,55.24,5,2,30.56,0
5.13,8.01,31.34,85.66,4,0,99.43,1
2.7,0.98,60.35,24.76,14,1,37.09,0
6.35,0.9,26.63,51.23,2,3,93.75,0
1.16,2.5,86.9,58.36,16,1,77.63,1
0.29,2.64,98.73,10.54,24,0,86.87,1
2.74,8.44,53.88,83.7,12,1,34.9,0
1.89,19.12,95.33,84.43,10,2,97.86,1
4.9,7.34,92.04,49.87,9,1,99.69,1
6.67,3.95,54.16,32.91,22,3,94.65,1
5.13,9.83,24.06,59.44,3,3,94.47,1
4.05,2.3,79.9,95.99,24,0,48.6,1
0.89,4.25,11.52,79.59,13,0,92.89,0
6.82,13.25,37.7,22.88,2,1,47.56,0
3.07,8.69,83.67,52.76,18,3,49.78,1
5.66,4.73,21.16,71.68,24,0,24.83,1
1.14,1.18,83.51,77.6,2,3,46.2,0
5.12,15.26,83.54,17.63,23,0,65.78,1
6.87,15.92,99.09,43.94,14,3,68.32,1
4.82,1.77,81.48,92.19,10,2,45.92,1
5.44,17.67,23.59,61.6,21,0,22.88,0
1.91,13.64,57.06,44.48,25,2,62.05,1
1.26,4.0,60.76,19.85,9,3,93.12,0
4.87,12.05,69.4,52.82,0,0,80.62,0
6.94,5.35,8.34,13.73,14,0,51.55,0
4.81,13.31,5.38,33.62,22,3,29.53,0
1.62,15.59,94.57,64.23,23,3,11.49,1
1.82,14.57,56.26,54.01,19,0,52.86,0
2.85,12.71,93.75,10.59,21,2,21.2,0
4.21,6.68,26.25,97.23,8,2,58.48,1
0.2,19.17,83.32,25.05,0,1,12.56,0
3.96,17.32,67.1,75.98,19,2,90.26,1
2.96,8.86,86.95,37.52,12,1,86.11,1
1.03,8.66,55.31,18.65,21,0,28.56,0
6.43,0.95,64.87,98.69,10,1,23.59,1
1.96,13.94,39.47,36.45,3,2,45.08,0
4.94,1.8,12.06,69.49,19,2,42.34,0
3.24,19.1,57.15,68.72,3,1,63.09,1
3.55,19.77,6.16,13.01,4,0,90.68,0
6.78,1.67,46.05,98.26,8,0,37.93,0
1.84,13.9,48.73,87.09,20,3,47.22,1
5.47,17.4,17.24,45.95,2,3,97.78,1
0.72,12.28,58.25,12.11,20,0,58.0,0
3.3,10.96,90.45,55.7,6,3,54.96,1
3.09,18.07,41.24,27.37,8,1,63.49,0
0.34,15.16,73.73,63.12,9,3,45.84,0
4.48,8.42,79.86,18.49,25,2,72.13,1
3.72,0.5,62.82,37.77,2,1,25.9,0
2.96,5.3,25.56,91.98,16,3,51.35,1
3.28,8.19,5.9,10.89,8,1,75.57,0
4.52,9.24,76.67,92.48,10,2,44.75,1
5.73,15.65,98.32,86.14,1,1,97.95,1
1.87,5.33,96.74,25.35,25,1,24.43,0
1.28,16.75,55.34,41.34,6,3,82.93,1
4.62,3.66,24.04,45.29,4,2,39.16,0
4.85,18.73,99.39,40.23,13,3,67.0,1
1.17,9.95,81.93,58.08,9,2,79.26,0
3.81,8.5,82.12,30.42,12,3,35.51,1
6.62,12.65,11.51,97.56,25,1,10.95,1
6.85,8.0,84.75,51.31,16,3,78.7,1
4.73,4.17,33.7,93.19,20,0,57.32,0
6.01,19.98,72.57,93.26,8,2,63.64,1
3.44,4.09,42.36,16.87,16,3,21.79,0
2.97,12.36,89.81,97.87,12,1,86.19,1
3.68,18.68,64.16,20.19,1,3,64.78,1
0.45,0.34,6.48,85.0,22,3,77.85,0
4.75,14.17,35.21,48.14,7,3,79.13,1
5.2,4.89,32.99,73.36,0,3,21.0,0
2.22,6.01,75.39,13.27,19,3,17.82,0
3.44,3.89,35.13,74.91,1,2,79.2,0
1.82,15.21,78.32,26.49,15,1,35.42,0
1.49,9.06,65.49,96.92,0,1,11.79,0
5.6,4.14,78.31,47.43,3,1,41.09,0
1.12,7.94,89.08,48.93,14,0,79.49,1
6.6,12.96,68.57,88.29,13,2,72.44,1
4.47,2.64,10.01,59.24,19,0,69.84,0
1.58,9.47,24.33,43.96,25,0,65.29,0
6.98,15.82,58.52,37.0,13,3,28.32,1
5.61,17.4,11.09,67.07,2,2,14.13,0
0.91,14.15,32.88,15.27,13,3,25.26,0
2.22,9.44,54.93,54.41,15,0,81.03,0
4.55,15.97,76.6,99.62,15,1,44.83,1
4.31,15.19,75.57,64.04,9,1,16.05,0
2.36,11.83,93.99,49.7,25,1,80.19,1
5.42,16.36,88.51,47.09,20,1,70.35,1
0.57,6.38,89.71,50.7,10,0,26.44,0
4.84,5.53,82.98,72.5,10,0,57.97,1
0.54,17.34,47.91,96.83,1,1,20.36,0
5.16,3.97,8.98,95.48,5,1,51.32,1
6.4,13.34,29.59,69.8,6,3,22.99,1
3.56,17.04,31.18,47.66,18,0,21.43,0
1.73,9.23,48.26,45.5,16,2,56.28,0
1.57,18.04,36.14,93.37,4,3,89.17,1
2.45,2.7,24.88,11.17,9,3,34.28,0
1.66,2.04,62.14,84.99,19,3,21.86,0
6.11,2.24,20.21,36.59,18,3,67.98,1
0.5,9.41,51.62,45.43,20,0,79.79,0
1.56,11.04,63.38,61.49,20,0,14.27,0
5.57,2.16,48.81,65.63,21,2,52.05,1
6.75,19.37,88.4,38.38,11,3,40.76,1
2.98,11.78,71.59,24.77,17,2,83.5,1
1.24,6.49,35.53,34.51,18,0,77.01,0
2.81,0.36,94.83,33.29,10,2,92.73,1
5.22,10.13,93.09,65.73,20,1,60.26,1
5.78,8.91,63.48,92.27,13,3,57.29,1
3.52,1.7,72.17,66.39,24,0,84.59,1
4.96,5.21,66.31,78.47,7,0,62.04,1
5.49,12.63,47.64,83.23,23,3,90.81,1
6.73,9.57,68.01,38.78,15,1,86.67,1
0.94,1.64,77.52,34.25,18,1,48.92,0
5.03,9.02,71.18,97.36,5,3,35.58,1
4.08,6.78,54.32,80.29,8,0,92.96,0
2.55,10.96,68.08,93.87,16,2,19.96,0
5.97,13.37,68.14,45.05,6,3,84.39,1
0.75,12.02,68.41,74.89,16,2,55.25,1
4.4,12.92,11.66,74.7,9,0,96.24,1
1.39,11.78,26.24,50.67,16,1,38.38,0
0.43,11.24,63.85,16.12,0,1,30.58,0
0.81,14.84,31.97,14.1,8,2,23.41,0
4.0,7.27,24.49,72.46,23,3,41.75,1
1.39,2.48,77.82,89.62,24,2,78.25,1
5.99,7.16,66.13,58.02,20,1,20.97,1
3.52,18.31,54.07,90.96,17,1,64.82,1
5.12,8.23,13.89,59.2,1,2,40.71,0
6.34,9.79,19.12,46.42,16,3,40.54,1
6.71,2.13,95.01,51.85,5,2,94.75,1
6.24,5.88,28.73,43.85,2,3,53.89,0
1.94,10.68,24.3,18.65,10,0,42.77,0
6.79,1.46,65.68,23.07,2,3,67.49,0
0.05,0.38,19.67,29.22,12,3,49.79,0
5.27,2.46,25.0,52.2,25,0,65.57,1
2.49,3.05,23.38,96.34,8,2,96.69,0
2.37,1.37,92.57,81.41,0,2,59.76,0
1.26,5.81,24.79,91.82,9,3,36.45,0
3.44,4.9,8.86,24.92,9,0,80.57,0
5.98,11.15,29.03,17.27,23,3,19.33,0
5.07,1.94,78.12,67.0,22,3,23.81,1
6.07,9.08,21.8,57.17,7,0,82.15,1
6.43,18.72,66.95,50.65,21,0,41.28,1
6.61,18.84,9.66,60.79,9,0,50.77,0
3.79,13.34,29.48,83.61,22,0,16.3,0
2.53,15.55,60.01,24.83,12,0,68.19,0
3.32,18.62,22.59,75.35,8,2,86.57,1
2.01,8.93,96.59,94.27,22,0,44.21,1
3.8,16.7,90.15,57.21,6,3,43.32,1
0.65,16.22,85.78,33.5,14,0,80.67,1
3.08,19.4,56.14,94.26,24,0,75.15,1
4.23,0.75,76.2,12.62,6,1,75.11,0
2.31,2.44,39.07,20.19,13,1,94.61,0
5.8,15.39,29.83,67.66,13,3,36.31,1
6.86,14.33,30.03,88.59,1,2,16.95,1
3.2,2.47,33.19,47.55,9,3,45.75,0
4.43,11.84,50.0,95.24,10,2,17.16,1
5.34,2.06,95.61,13.51,7,1,31.21,0
5.19,3.11,79.07,51.27,7,2,11.54,0
2.27,13.26,39.16,70.48,0,0,89.09,0
2.98,7.99,67.83,30.52,25,3,47.27,0
5.79,14.15,35.43,77.38,1,0,95.94,1
1.61,7.61,48.05,90.16,3,3,14.44,0
1.01,7.4,15.14,64.51,20,1,34.86,0
6.5,12.18,20.11,31.43,2,1,44.03,0
5.24,2.32,75.1,24.73,23,1,69.34,1
4.48,6.76,13.9,15.75,18,0,98.68,1
6.77,13.29,82.98,36.32,13,0,57.49,1
0.44,6.87,7.69,23.69,5,2,91.54,0
5.37,14.67,13.57,90.54,22,1,95.35,1
0.43,18.69,10.92,39.65,0,2,26.59,0
5.56,12.06,65.4,15.24,21,1,87.1,1
0.91,10.29,87.34,92.77,15,2,24.08,0
2.11,16.17,21.2,28.65,19,1,69.9,0
1.83,17.44,42.32,98.64,1,2,66.52,1
0.21,3.31,54.91,55.97,25,0,29.57,0
6.38,7.18,29.8,51.47,12,0,45.39,0
5.76,12.38,27.75,44.35,20,1,27.48,0
6.72,19.7,47.18,59.46,10,3,88.93,1
3.65,17.5,40.45,82.77,1,1,97.61,1
4.93,17.79,20.45,61.76,19,3,97.7,1
2.91,3.38,55.87,14.34,16,2,11.48,0
2.41,14.23,46.11,89.11,1,0,86.43,0
5.94,2.99,37.75,97.97,15,2,56.95,1
0.11,0.49,68.99,12.55,6,2,41.24,0
3.57,5.99,23.75,71.26,1,0,11.65,0
3.26,8.03,41.89,54.57,13,0,98.03,0
0.91,16.6,76.0,65.64,10,3,87.72,1
0.68,1.7,83.08,45.45,23,1,32.01,0
2.92,14.3,91.48,74.74,21,2,63.28,1
6.84,7.28,35.06,18.99,11,2,34.58,0
2.26,10.08,66.9,64.06,19,0,42.92,1
2.45,14.31,47.02,16.52,12,0,38.36,0
5.27,19.76,97.42,91.77,9,2,96.68,1
0.72,9.96,44.67,43.77,25,0,22.18,0
5.81,17.79,91.55,66.62,11,2,84.82,1
3.03,2.33,81.59,23.48,5,2,48.17,0
6.19,10.4,31.51,11.37,3,3,27.93,0
2.58,16.31,37.52,95.78,10,1,78.52,1
4.8,7.42,15.82,52.42,24,3,78.78,1
0.33,13.85,97.16,61.12,19,1,31.07,1
6.32,4.09,88.13,77.52,18,3,18.86,1
0.92,0.7,97.2,71.03,19,3,83.97,1
1.7,14.4,46.78,59.59,14,0,25.76,0
3.18,9.01,5.6,10.29,17,1,77.21,0
4.94,12.0,62.59,55.33,9,2,10.73,1
5.1,15.42,61.63,37.56,12,1,52.33,1
2.36,16.87,46.14,73.5,0,0,22.63,0
6.14,7.85,19.65,74.75,3,2,74.86,1
0.04,10.93,70.54,86.74,19,3,67.52,1
5.44,3.67,29.4,49.05,21,3,74.48,1
4.1,18.53,99.51,76.66,18,2,93.35,1
6.52,15.3,27.85,72.15,23,3,39.45,1
0.63,1.31,91.65,93.5,23,0,90.57,1
6.37,19.88,13.3,43.93,20,3,28.55,1
5.05,8.51,43.04,29.63,17,2,84.45,0
5.11,5.13,10.74,82.28,25,1,64.81,1
0.8,3.09,82.4,15.71,18,1,72.79,0
3.05,16.71,16.8,42.89,20,0,80.84,1
2.91,17.83,61.65,74.7,7,0,58.56,1
2.58,13.66,35.18,50.05,10,3,22.19,0
2.78,18.85,82.17,22.24,0,2,95.9,1
4.96,19.91,51.52,13.37,9,1,64.14,0
5.2,10.9,8.79,69.77,3,1,32.68,0
6.39,16.74,53.16,52.41,15,2,13.46,1
2.05,19.21,63.27,96.84,19,2,94.31,1
0.28,1.76,70.47,17.55,19,0,57.9,0
4.57,7.9,97.33,40.79,17,1,97.94,1
4.61,18.01,72.25,51.89,5,1,76.23,1
6.95,7.47,71.81,96.77,10,3,49.4,1
6.16,0.75,35.03,20.35,2,3,28.79,0
1.18,3.07,68.8,82.8,21,2,11.34,0
3.06,7.95,10.68,25.7,23,2,12.13,0
1.56,13.31,57.3,90.08,22,2,25.5,0
5.83,19.54,58.07,59.37,9,1,21.59,1
4.46,0.36,98.36,26.98,16,3,76.27,1
2.16,10.51,87.94,74.34,21,3,61.56,1
3.19,9.84,41.42,31.4,15,2,10.55,0
6.77,0.24,5.68,70.85,0,3,10.53,0
6.06,0.29,99.08,15.12,6,2,50.63,0
3.13,6.21,86.23,93.92,13,3,49.34,1
5.27,16.9,50.42,91.1,22,0,90.73,1
2.69,1.0,92.44,20.93,21,3,44.43,0
1.6,8.98,25.35,49.08,18,2,75.16,0
5.93,16.91,40.63,83.59,10,3,61.54,1
3.58,18.41,14.26,35.74,23,1,86.2,1
3.61,2.64,79.94,92.66,15,1,93.97,1
4.5,1.79,42.53,52.94,11,1,75.22,1
2.68,6.79,84.3,32.49,17,3,94.94,1
5.68,9.08,61.74,45.93,23,3,20.75,1
6.02,8.34,37.35,95.34,2,3,16.9,1
4.26,2.68,64.13,28.62,8,1,54.43,0
5.55,2.81,26.75,11.8,0,3,11.94,0
5.01,12.82,62.12,44.49,2,1,42.36,0
5.42,13.6,65.38,74.43,1,3,55.07,1
6.24,0.96,65.23,95.75,19,0,86.02,1
4.23,7.11,18.37,95.67,13,0,70.14,1
0.76,16.29,51.39,29.6,6,3,68.63,1
5.25,15.12,48.11,25.87,1,2,48.21,0
3.17,6.34,28.93,94.37,20,2,56.51,1
2.43,0.78,88.12,55.71,6,0,50.02,0
5.09,16.63,82.9,34.49,20,1,13.06,1
5.45,5.4,91.97,80.73,7,2,93.51,1
2.73,9.19,77.62,60.14,12,2,86.22,1
0.4,11.81,5.84,82.62,19,3,95.21,1
1.81,5.8,39.62,54.98,12,3,94.94,1
4.86,3.76,55.49,77.14,25,2,96.24,1
6.46,18.58,51.52,16.08,22,2,36.08,0
2.0,3.87,54.6,42.43,9,0,59.53,0
0.29,12.72,16.04,28.82,3,2,21.88,0
5.96,17.06,18.11,22.5,24,1,65.59,1
1.03,7.88,69.25,80.02,15,3,68.94,1
2.97,11.13,9.02,26.83,7,3,42.57,0
4.66,11.76,51.64,75.69,10,1,98.53,1
3.32,3.11,14.21,53.96,8,0,86.65,0
3.28,3.77,96.94,39.88,11,2,82.88,0
6.52,9.8,90.62,24.4,10,1,10.65,0
1.38,16.13,41.51,95.95,18,3,72.89,1
3.69,19.82,63.25,78.24,5,1,66.89,1
3.38,5.7,77.11,27.29,22,0,97.21,0
1.39,14.12,43.57,32.24,16,1,15.2,0
1.27,9.37,89.53,38.06,25,3,60.37,1
3.55,12.5,34.72,45.3,7,0,66.79,0
6.83,19.67,64.41,79.9,13,0,95.01,1
5.51,19.77,87.53,64.92,0,3,88.72,1
1.5,12.12,66.29,60.25,10,1,98.74,1
1.34,8.58,80.63,64.93,13,3,19.15,1
6.7,10.47,18.02,18.41,21,3,12.58,1
3.53,18.33,5.04,66.42,19,1,63.46,1
2.22,15.88,94.93,11.85,24,3,58.31,1
0.78,8.0,12.46,10.05,3,0,15.64,0
1.15,13.55,5.66,28.37,10,3,28.7,0
5.56,8.68,50.21,87.24,21,0,71.12,1
2.0,18.45,29.62,32.72,19,1,54.21,0
2.13,11.29,89.87,58.63,11,1,16.49,1
1.79,9.77,35.85,35.18,15,0,44.15,0
2.73,2.97,27.79,46.31,24,0,37.48,0
0.65,18.06,43.26,13.49,11,0,75.22,0
2.12,18.52,68.59,68.3,2,2,61.26,1
6.99,6.97,29.23,45.33,11,2,75.75,0
0.62,11.55,79.33,85.05,21,1,72.97,1
6.71,16.48,89.88,21.67,10,3,30.7,1
4.75,12.09,62.46,57.29,24,3,62.98,1
4.02,14.13,22.83,90.39,12,1,56.61,1
3.99,4.1,65.47,15.69,4,0,40.19,0
1.01,0.88,64.63,20.61,14,0,40.13,0
6.85,19.82,43.25,50.31,17,2,80.42,1
0.23,13.28,54.68,41.29,2,2,18.31,0
0.39,6.52,88.13,61.27,4,1,12.63,0
1.9,3.67,31.55,78.03,25,2,25.77,0
3.59,5.56,45.08,85.99,18,1,25.31,0
1.3,6.44,89.34,65.57,8,2,68.53,1
3.66,18.29,91.83,44.26,19,2,81.83,1
6.87,11.53,85.62,79.08,9,3,56.8,1
4.7,6.26,82.86,43.56,1,2,18.59,1
5.96,15.31,27.78,62.1,25,3,15.62,0
1.67,17.03,56.37,55.6,18,3,40.43,1
3.01,7.49,51.8,48.79,10,1,74.79,1
6.02,17.87,21.63,45.07,8,3,50.72,1
0.69,11.98,64.12,59.99,5,1,78.84,0
5.73,1.78,52.68,48.01,21,0,20.23,0
4.14,9.74,93.94,38.89,17,3,10.58,0
0.99,15.88,29.68,19.95,7,1,70.61,0
5.98,10.28,47.99,30.12,20,0,85.14,1
1.74,18.5,86.9,62.92,5,1,98.64,1
5.11,1.47,79.83,23.98,9,2,60.24,0
5.82,17.42,61.87,18.73,6,3,79.43,1
2.11,1.76,85.81,94.3,22,1,66.4,1
6.29,3.34,76.34,78.47,9,0,21.03,1
6.63,6.4,28.9,46.85,23,0,24.62,0
2.27,2.42,13.1,49.75,19,0,52.42,0
2.6,15.54,44.15,51.59,22,2,13.36,0
4.11,17.76,18.12,61.23,12,2,54.35,1
5.57,1.78,71.68,73.67,17,2,36.35,1
1.92,4.13,98.01,63.55,1,0,96.94,0
2.23,15.18,66.02,67.84,4,2,23.76,0
0.71,15.64,54.85,18.34,24,2,97.03,0
0.61,1.87,46.61,28.62,20,0,93.0,0
0.73,2.6,14.1,29.4,2,3,95.28,0
0.43,2.28,53.55,88.61,18,1,21.61,0
6.88,11.17,48.6,91.69,19,2,68.78,1
5.78,15.37,27.86,91.11,15,1,51.47,1
6.82,3.74,50.18,89.52,9,3,29.59,1
5.09,10.53,6.89,53.22,13,0,71.99,0
3.67,5.09,9.08,38.46,11,2,11.3,0
5.64,2.42,64.12,33.27,12,2,39.5,0
1.64,6.19,83.72,70.26,25,2,82.5,1
0.99,12.82,16.82,11.18,16,3,24.28,0
5.08,13.85,6.58,58.34,11,0,27.62,0
5.58,16.21,10.14,11.64,7,3,44.81,0
2.28,7.82,68.78,51.14,11,2,25.45,0
4.32,1.93,25.73,78.99,1,1,80.25,0
1.03,11.69,58.41,36.94,15,3,45.59,0
5.18,19.99,59.84,64.47,4,3,73.87,1
4.19,12.57,92.66,75.73,1,3,33.17,1
6.38,7.64,50.08,45.8,19,1,90.84,1
1.14,7.56,19.45,65.05,22,2,88.98,0
6.49,8.03,63.45,45.31,7,3,34.73,0
3.87,5.35,5.52,98.92,16,2,37.53,1
6.46,4.41,31.44,46.27,6,0,14.47,0
3.14,12.84,89.98,46.66,1,3,21.14,1
3.94,16.44,83.61,77.87,4,3,88.84,1
6.24,1.34,84.14,74.85,24,0,42.66,1
0.1,6.32,47.64,14.41,2,1,10.13,0
6.72,2.95,16.25,53.41,2,3,13.32,0
5.59,16.07,20.54,29.11,7,0,26.66,0
6.85,10.16,73.0,29.34,14,2,16.69,1
1.61,17.12,61.07,37.8,10,0,62.03,0
1.08,18.82,38.11,58.65,14,2,88.13,1
3.29,14.28,79.01,65.34,14,2,50.09,1
3.93,2.14,43.49,32.19,8,0,38.76,0
3.71,6.75,16.52,14.95,17,3,60.28,0
4.45,9.02,27.08,57.04,23,1,76.42,1
1.7,16.88,40.12,11.74,6,0,35.87,0
4.59,0.57,29.47,32.83,1,3,85.37,0
1.74,17.57,17.36,68.05,17,2,35.87,0
2.43,1.65,23.83,19.29,16,0,33.37,0
5.36,13.14,77.12,70.56,11,2,30.67,1
0.73,3.86,96.2,88.93,3,2,22.97,0
0.53,7.96,52.81,57.98,16,2,78.32,1
4.9,11.03,67.16,63.71,22,1,41.22,1
0.38,11.37,9.23,28.64,18,0,29.2,0
0.32,18.52,56.43,15.14,24,3,80.07,1
5.94,2.37,90.63,95.94,17,1,94.67,1
6.65,12.13,31.13,22.62,18,3,42.3,1
2.97,10.57,58.66,56.65,22,0,50.72,1
1.49,15.53,67.59,56.02,10,2,34.99,1
0.2,17.48,74.27,41.12,12,1,64.47,1
6.3,13.06,47.61,89.8,9,1,61.36,1
2.79,9.02,49.6,48.74,14,3,87.02,1
5.31,3.22,26.95,64.47,18,1,69.65,0
6.32,15.46,75.51,80.39,13,1,59.45,1
5.87,9.59,34.15,54.96,14,2,70.76,1
3.87,18.57,47.57,71.66,24,3,28.55,1
0.97,10.15,75.49,15.86,12,0,37.93,0
4.36,12.52,56.22,80.64,11,1,11.1,1
6.48,9.73,62.28,40.23,4,0,46.7,1
6.67,6.72,48.39,33.27,9,2,66.32,0
2.51,6.55,69.33,92.02,25,1,19.73,1
0.31,7.68,53.48,76.01,2,2,31.97,0
6.8,16.61,49.27,39.01,20,3,61.47,1
4.33,7.84,63.01,71.51,23,3,61.66,1
2.74,12.05,93.63,63.28,15,0,45.3,1
6.29,6.62,8.28,38.49,10,0,20.53,0
4.35,18.32,78.13,25.81,17,3,61.1,1
1.54,17.74,35.09,49.13,10,2,46.42,0
6.19,2.74,62.26,55.68,14,2,68.74,1
2.39,17.6,76.59,83.38,13,3,37.73,1
6.25,6.33,21.89,37.61,24,0,95.35,0
0.78,10.49,16.4,83.37,17,2,97.88,1
6.72,17.49,31.01,14.38,15,1,95.88,1
6.84,3.86,80.85,92.35,9,1,87.92,1
4.15,4.77,16.4,75.95,7,0,50.32,0
5.23,9.69,36.22,27.7,22,3,38.24,1
6.89,19.84,73.56,22.09,13,0,73.36,1
0.33,7.47,61.68,58.84,0,1,66.22,0
0.1,17.31,80.66,16.77,2,1,30.78,0
2.08,11.35,29.47,13.69,6,3,40.46,0
0.06,15.28,72.02,56.76,16,3,92.13,1
6.32,7.76,43.6,27.49,9,2,55.45,0
2.18,16.6,38.2,12.23,18,2,42.45,0
4.51,14.89,98.36,50.11,16,3,61.24,1
0.88,10.42,85.04,84.56,1,3,46.74,0
2.49,9.51,15.21,96.95,18,0,15.93,0
0.82,1.12,84.46,83.9,14,2,60.21,1
2.09,18.02,71.88,90.93,18,1,56.01,1
6.79,10.64,69.1,42.36,21,0,50.03,1
4.9,14.93,56.57,19.71,0,3,26.77,0
5.26,12.41,85.99,93.22,2,1,82.44,1
1.69,13.33,40.66,14.75,15,1,53.55,0
4.73,16.89,33.61,61.9,3,1,73.68,1
2.52,8.61,7.34,96.73,11,0,64.06,0
3.24,10.8,43.77,40.83,18,1,43.5,0
5.43,6.07,32.45,59.25,13,3,14.18,0
2.36,6.65,73.68,39.87,16,0,77.27,1
3.18,17.57,65.08,86.65,0,3,79.36,1
6.54,8.48,42.05,51.38,8,2,41.65,0
6.25,18.98,30.79,90.23,10,2,41.98,1
5.82,10.41,74.59,23.94,8,3,84.51,1
0.18,13.08,50.57,21.91,3,2,10.08,0
2.37,18.9,31.35,21.21,11,3,53.07,0
5.84,7.69,10.5,53.87,15,1,79.0,1
6.12,2.6,53.79,11.84,25,3,62.71,1
1.2,1.5,77.94,89.63,18,2,40.66,1
5.9,4.86,5.6,61.58,19,2,10.22,0
2.59,16.14,72.25,47.42,18,0,25.29,0
1.2,4.48,14.56,37.73,8,0,96.35,0
4.61,10.7,6.58,14.27,16,0,91.74,0
0.75,0.36,47.78,95.72,3,2,10.34,0
2.3,6.65,56.91,74.41,25,0,31.45,0
0.69,4.6,49.89,64.7,16,1,32.18,0
4.93,3.27,57.71,68.9,18,1,16.93,0
0.34,4.55,28.2,74.32,1,3,28.39,0
5.58,11.02,77.22,19.39,10,1,59.56,0
5.29,17.03,31.38,12.11,4,2,60.64,0
4.38,8.09,50.23,94.34,8,0,50.02,0
1.44,4.28,27.83,10.08,8,0,83.43,0
3.59,11.64,68.25,68.02,19,0,78.73,1
3.94,7.74,15.89,69.44,25,1,98.97,1
0.87,12.04,64.28,45.28,3,0,22.61,0
5.35,15.62,95.49,57.32,23,3,98.61,1
6.45,0.42,25.35,19.24,25,0,75.83,0
0.0,13.02,55.8,56.36,3,2,22.05,0
0.72,7.7,31.86,52.96,9,3,88.7,1
4.31,14.86,21.64,60.19,8,3,69.02,1
2.19,11.11,43.87,26.48,24,2,80.96,1
6.17,8.75,10.57,32.63,13,3,65.52,0
4.78,1.0,93.1,58.29,3,0,80.0,1
5.91,10.29,51.57,67.25,5,0,80.61,1
6.59,19.66,35.98,21.58,20,0,19.72,0
1.11,10.56,72.09,91.29,1,3,58.08,1
0.87,16.06,12.9,10.21,19,3,44.69,0
1.66,11.7,46.58,92.06,23,2,45.18,1
4.09,13.25,25.18,32.34,1,2,20.31,0
4.58,18.52,26.98,71.87,10,0,33.35,0
5.99,17.93,25.05,41.33,20,2,11.35,1
3.64,10.91,32.38,51.89,8,2,43.92,1
4.03,2.42,98.98,95.83,10,2,80.88,1
2.74,2.36,47.18,55.59,19,3,58.03,0
1.45,7.95,92.55,31.7,4,2,84.24,0
4.23,17.99,9.87,66.28,17,2,15.03,0
0.58,9.6,86.73,53.84,14,2,58.19,0
3.46,7.27,51.99,81.73,24,3,29.06,1
2.57,11.28,67.3,24.15,0,2,23.27,0
0.45,15.27,47.7,52.27,22,1,17.68,0
0.05,0.27,67.78,68.8,17,3,89.27,0
3.2,6.06,69.47,64.37,18,3,28.26,0
4.22,1.87,54.63,80.31,19,2,32.34,1
0.66,14.46,73.2,24.37,12,3,66.03,0
4.59,18.15,77.16,27.67,24,3,49.54,1
4.54,17.55,43.06,36.49,10,1,23.51,0
4.41,18.69,25.27,40.11,16,2,58.56,1
2.12,3.05,46.94,30.88,12,3,58.9,0
2.46,9.32,5.08,87.62,4,3,49.21,0
1.28,18.87,62.98,50.54,6,1,48.4,0
0.33,0.7,59.67,48.28,5,1,73.93,0
1.07,1.23,91.91,18.31,12,0,73.83,0
6.66,13.8,18.03,79.36,24,1,94.83,1
0.79,7.46,10.3,70.83,24,2,70.32,0
4.44,19.08,6.05,92.59,0,1,15.32,0
0.39,2.3,74.95,55.23,2,2,59.25,0
4.97,1.94,54.77,93.98,9,0,37.91,0
0.61,0.7,49.39,94.51,23,0,81.84,0
0.07,4.65,7.36,92.95,12,2,13.7,0
3.16,10.16,89.74,90.33,14,0,66.41,1
2.54,3.99,68.5,98.05,13,3,75.11,1
5.27,0.83,89.38,37.82,22,0,86.51,1
5.71,14.66,39.82,98.26,1,3,52.54,1
6.61,15.71,55.05,99.22,11,3,93.7,1
4.34,13.98,30.82,92.43,5,1,11.67,0
5.21,12.83,11.52,65.1,16,1,74.4,1
4.08,18.84,75.14,18.0,1,1,34.03,0
3.71,11.28,79.58,58.68,14,3,90.19,1
3.02,13.87,90.97,87.37,11,2,21.38,1
3.04,19.72,93.49,33.87,25,0,74.5,1
4.37,9.39,32.66,77.22,25,2,31.66,1
3.63,12.58,68.34,43.32,11,3,15.46,0
4.86,1.56,8.18,95.34,1,3,21.57,0
5.15,16.45,77.91,36.31,6,3,85.73,1
2.9,10.31,43.82,31.5,7,3,39.89,0
3.93,8.14,60.84,91.38,10,2,99.57,1
